symbol,time,open,high,low,close,volume,spread_pips
BTCUSDT,2026-08-31 13:00:00+00:00,78598.25,78598.25,77610.44,77862.87,0.76345,0.5
BTCUSDT,2026-08-31 14:00:00+00:00,77860.31,78645.14,77825.54,78600.47,0.48887,0.5
BTCUSDT,2026-08-31 15:00:00+00:00,78589.02,78751.44,78236.02,78569.4,0.64045,0.5
BTCUSDT,2026-08-31 16:00:00+00:00,78574.99,78857.19,78532.87,78642.36,0.71322,0.5
BTCUSDT,2026-08-31 17:00:00+00:00,78643.6,78980.15,78534.98,78919.97,0.5032,0.5
BTCUSDT,2026-08-31 18:00:00+00:00,78859.8,79174.88,78818.39,79020.56,1.69389,0.5
BTCUSDT,2026-08-31 19:00:00+00:00,79066.15,79227.0,78862.03,78901.09,3.87754,0.5
BTCUSDT,2026-08-31 20:00:00+00:00,78912.89,79168.51,78805.37,78863.15,1.10115,0.5
BTCUSDT,2026-08-31 21:00:00+00:00,78866.56,79055.53,78755.39,78951.17,0.26873,0.5
BTCUSDT,2026-08-31 22:00:00+00:00,78953.13,78995.3,78581.53,78601.2,0.64234,0.5
BTCUSDT,2026-08-31 23:00:00+00:00,78561.03,78583.58,78414.13,78570.75,0.7435,0.5
BTCUSDT,2026-09-01 00:00:00+00:00,78582.78,78873.07,78578.15,78629.63,0.57483,0.5
BTCUSDT,2026-09-01 01:00:00+00:00,78655.86,78789.93,78408.61,78427.36,0.25266,0.5
BTCUSDT,2026-09-01 02:00:00+00:00,78375.0,78459.31,78213.05,78438.05,0.58766,0.5
BTCUSDT,2026-09-01 03:00:00+00:00,78454.8,78850.66,78404.71,78676.96,0.71737,0.5
BTCUSDT,2026-09-01 04:00:00+00:00,78700.34,78895.32,78678.18,78692.1,0.20601,0.5
BTCUSDT,2026-09-01 05:00:00+00:00,78744.54,79228.24,78744.54,79170.41,0.40462,0.5
BTCUSDT,2026-09-01 06:00:00+00:00,79183.64,79183.64,78800.0,78800.0,0.32352,0.5
BTCUSDT,2026-09-01 07:00:00+00:00,78757.98,78800.79,78497.55,78619.22,0.47782,0.5
BTCUSDT,2026-09-01 08:00:00+00:00,78630.26,78630.27,77818.72,77876.13,0.44421,0.5
BTCUSDT,2026-09-01 09:00:00+00:00,77876.97,78018.2,77801.18,77899.48,0.12581,0.5
BTCUSDT,2026-09-01 10:00:00+00:00,77972.56,78161.52,77757.88,77994.96,0.24089,0.5
BTCUSDT,2026-09-01 11:00:00+00:00,78010.35,78212.0,77899.45,78072.37,3.6239,0.5
BTCUSDT,2026-09-01 12:00:00+00:00,78078.12,78151.0,77755.7,78047.45,1.93552,0.5
BTCUSDT,2026-09-01 13:00:00+00:00,77997.78,78195.72,77532.68,78003.93,2.84464,0.5
BTCUSDT,2026-09-01 14:00:00+00:00,78054.33,78433.38,78054.33,78156.98,2.10138,0.5
BTCUSDT,2026-09-01 15:00:00+00:00,78153.15,78153.15,77741.59,77930.27,0.49899,0.5
BTCUSDT,2026-09-01 16:00:00+00:00,77905.77,77952.62,77335.55,77600.09,3.95949,0.5
BTCUSDT,2026-09-01 17:00:00+00:00,77577.82,77676.19,77268.32,77268.32,1.42663,0.5
BTCUSDT,2026-09-01 18:00:00+00:00,77286.1,77303.58,76422.15,77143.54,8.48672,0.5
BTCUSDT,2026-09-01 19:00:00+00:00,77145.65,77458.11,77141.21,77251.49,1.91849,0.5
BTCUSDT,2026-09-01 20:00:00+00:00,77322.52,77464.24,77246.53,77463.94,0.44515,0.5
BTCUSDT,2026-09-01 21:00:00+00:00,77457.51,77499.99,76927.39,77242.72,0.60495,0.5
BTCUSDT,2026-09-01 22:00:00+00:00,77176.93,77335.33,77024.91,77276.91,0.46837,0.5
BTCUSDT,2026-09-01 23:00:00+00:00,77240.04,77604.76,77232.97,77446.95,0.81194,0.5
BTCUSDT,2026-09-02 00:00:00+00:00,77438.99,77511.55,77157.89,77205.1,0.11733,0.5
BTCUSDT,2026-09-02 01:00:00+00:00,77215.7,77369.89,76737.64,77029.52,0.46059,0.5
BTCUSDT,2026-09-02 02:00:00+00:00,77037.21,77318.83,76983.88,77254.27,0.55152,0.5
BTCUSDT,2026-09-02 03:00:00+00:00,77323.9,77778.1,77323.9,77512.83,1.01093,0.5
BTCUSDT,2026-09-02 04:00:00+00:00,77546.8,77604.39,77287.98,77565.87,0.25819,0.5
BTCUSDT,2026-09-02 05:00:00+00:00,77486.19,77752.72,77441.44,77644.97,1.19826,0.5
BTCUSDT,2026-09-02 06:00:00+00:00,77684.83,77720.66,77456.62,77529.58,0.7522,0.5
BTCUSDT,2026-09-02 07:00:00+00:00,77627.17,77752.72,77475.39,77479.7,0.21774,0.5
BTCUSDT,2026-09-02 08:00:00+00:00,77508.72,77531.62,76762.17,76862.59,1.62361,0.5
BTCUSDT,2026-09-02 09:00:00+00:00,76866.17,77050.42,76500.01,76705.31,3.52772,0.5
BTCUSDT,2026-09-02 10:00:00+00:00,76763.29,76772.37,76282.72,76601.96,0.95848,0.5
BTCUSDT,2026-09-02 11:00:00+00:00,76696.57,76832.2,76427.63,76832.2,0.82311,0.5
BTCUSDT,2026-09-02 12:00:00+00:00,76819.4,77034.93,76622.83,76622.83,0.36269,0.5
BTCUSDT,2026-09-02 13:00:00+00:00,76654.51,77427.48,76624.32,77134.47,1.00326,0.5
BTCUSDT,2026-09-02 14:00:00+00:00,77132.15,77475.16,77038.09,77063.38,0.40658,0.5
BTCUSDT,2026-09-02 15:00:00+00:00,76996.4,77362.34,76745.46,77258.63,0.81711,0.5
BTCUSDT,2026-09-02 16:00:00+00:00,77236.27,77568.12,77176.32,77176.32,0.71777,0.5
BTCUSDT,2026-09-02 17:00:00+00:00,77232.13,77410.95,76984.69,77393.79,1.08111,0.5
BTCUSDT,2026-09-02 18:00:00+00:00,77336.51,77500.0,77317.76,77341.9,1.42389,0.5
BTCUSDT,2026-09-02 19:00:00+00:00,77377.25,77401.78,77142.38,77272.41,0.24001,0.5
BTCUSDT,2026-09-02 20:00:00+00:00,77359.45,77500.0,77210.81,77407.53,0.3797,0.5
BTCUSDT,2026-09-02 21:00:00+00:00,77322.71,77391.87,77242.52,77327.74,0.13546,0.5
BTCUSDT,2026-09-02 22:00:00+00:00,77278.42,77278.42,77026.69,77050.16,3.10496,0.5
BTCUSDT,2026-09-02 23:00:00+00:00,77050.16,77228.49,77031.08,77168.07,0.38514,0.5
BTCUSDT,2026-09-03 00:00:00+00:00,77347.29,77375.0,76996.97,77095.56,0.67988,0.5
BTCUSDT,2026-09-03 01:00:00+00:00,77074.89,77548.75,77000.45,77399.45,1.92968,0.5
BTCUSDT,2026-09-03 02:00:00+00:00,77352.47,77880.25,77253.42,77800.32,4.06922,0.5
BTCUSDT,2026-09-03 03:00:00+00:00,77822.63,77866.24,77648.95,77728.76,0.58008,0.5
BTCUSDT,2026-09-03 04:00:00+00:00,77725.75,77811.53,77560.0,77765.83,0.41383,0.5
BTCUSDT,2026-09-03 05:00:00+00:00,77774.32,77827.75,77111.03,77784.04,1.55582,0.5
BTCUSDT,2026-09-03 06:00:00+00:00,77820.21,77826.83,77710.21,77807.78,2.39482,0.5
BTCUSDT,2026-09-03 07:00:00+00:00,77826.88,78142.2,77604.56,77679.16,6.77343,0.5
BTCUSDT,2026-09-03 08:00:00+00:00,77751.63,78059.71,77751.63,77818.24,4.85177,0.5
BTCUSDT,2026-09-03 09:00:00+00:00,77811.3,77971.85,77642.7,77642.7,0.10004,0.5
BTCUSDT,2026-09-03 10:00:00+00:00,77600.02,77745.72,77520.27,77726.78,0.96935,0.5
BTCUSDT,2026-09-03 11:00:00+00:00,77741.61,77966.29,77695.68,77966.29,2.60189,0.5
BTCUSDT,2026-09-03 12:00:00+00:00,77940.98,78766.97,77902.89,78666.79,2.84665,0.5
BTCUSDT,2026-09-03 13:00:00+00:00,78670.0,78974.61,78479.09,78798.21,1.00198,0.5
BTCUSDT,2026-09-03 14:00:00+00:00,78792.31,80523.71,78690.11,80523.71,4.37452,0.5
BTCUSDT,2026-09-03 15:00:00+00:00,80550.0,81359.01,80375.89,81342.73,4.90053,0.5
BTCUSDT,2026-09-03 16:00:00+00:00,81342.73,81342.73,80613.88,80976.0,7.6534,0.5
BTCUSDT,2026-09-03 17:00:00+00:00,80954.22,81178.65,80908.49,81006.75,1.74024,0.5
BTCUSDT,2026-09-03 18:00:00+00:00,81047.65,81323.86,80916.81,81248.33,1.42462,0.5
BTCUSDT,2026-09-03 19:00:00+00:00,81230.0,81773.47,81198.28,81761.44,3.95313,0.5
BTCUSDT,2026-09-03 20:00:00+00:00,81759.13,81770.4,81395.82,81451.0,4.19547,0.5
BTCUSDT,2026-09-03 21:00:00+00:00,81451.0,82268.12,81321.46,81586.97,3.97373,0.5
BTCUSDT,2026-09-03 22:00:00+00:00,81541.22,81559.9,80904.46,81123.07,8.52336,0.5
BTCUSDT,2026-09-03 23:00:00+00:00,81123.07,81320.46,81079.86,81281.98,1.10452,0.5
BTCUSDT,2026-09-04 00:00:00+00:00,81271.07,81422.96,80957.27,80960.0,2.23994,0.5
BTCUSDT,2026-09-04 01:00:00+00:00,80959.99,81090.18,80764.18,81001.0,4.99435,0.5
BTCUSDT,2026-09-04 02:00:00+00:00,80897.18,80904.89,80676.13,80789.09,1.77509,0.5
BTCUSDT,2026-09-04 03:00:00+00:00,80826.65,80997.61,80805.16,80882.63,0.88119,0.5
BTCUSDT,2026-09-04 04:00:00+00:00,80852.08,81276.26,80822.83,81097.58,0.62298,0.5
BTCUSDT,2026-09-04 05:00:00+00:00,80992.59,81124.6,80867.22,80979.92,4.96922,0.5
BTCUSDT,2026-09-04 06:00:00+00:00,80961.47,81084.1,80595.21,80771.59,0.89528,0.5
BTCUSDT,2026-09-04 07:00:00+00:00,80815.8,80957.22,80695.69,80695.69,3.53996,0.5
BTCUSDT,2026-09-04 08:00:00+00:00,80637.39,81222.99,80556.81,81135.16,1.73695,0.5
BTCUSDT,2026-09-04 09:00:00+00:00,81135.17,81297.38,80963.64,81064.12,3.23238,0.5
BTCUSDT,2026-09-04 10:00:00+00:00,81030.63,81164.6,80838.88,81164.6,2.24491,0.5
BTCUSDT,2026-09-04 11:00:00+00:00,81188.27,81395.09,81083.19,81265.08,0.47084,0.5
BTCUSDT,2026-09-04 12:00:00+00:00,81244.19,81344.7,79200.36,79476.73,13.68892,0.5
BTCUSDT,2026-09-04 13:00:00+00:00,79425.69,79706.66,79004.05,79475.13,10.17218,0.5
BTCUSDT,2026-09-04 14:00:00+00:00,79461.15,79539.77,78661.09,78955.58,11.12174,0.5
BTCUSDT,2026-09-04 15:00:00+00:00,78917.59,79543.59,78840.97,79422.49,11.54765,0.5
BTCUSDT,2026-09-04 16:00:00+00:00,79424.66,79850.0,79398.17,79749.91,3.13802,0.5
BTCUSDT,2026-09-04 17:00:00+00:00,79740.45,79740.45,79438.06,79472.67,5.11248,0.5
BTCUSDT,2026-09-04 18:00:00+00:00,79458.94,79647.94,79451.56,79605.15,3.57975,0.5
BTCUSDT,2026-09-04 19:00:00+00:00,79723.91,79812.08,79642.44,79810.75,1.70266,0.5
BTCUSDT,2026-09-04 20:00:00+00:00,79779.37,79850.0,79699.18,79699.18,0.32386,0.5
BTCUSDT,2026-09-04 21:00:00+00:00,79736.99,79807.11,79551.44,79629.49,0.12159,0.5
BTCUSDT,2026-09-04 22:00:00+00:00,79658.45,79714.95,79625.15,79630.77,0.09688,0.5
BTCUSDT,2026-09-04 23:00:00+00:00,79621.0,79747.47,79611.72,79665.33,0.06941,0.5
BTCUSDT,2026-09-05 00:00:00+00:00,79664.23,79717.0,79547.44,79562.78,0.09741,0.5
BTCUSDT,2026-09-05 01:00:00+00:00,79582.58,79702.3,79530.02,79536.54,0.27285,0.5
BTCUSDT,2026-09-05 02:00:00+00:00,79530.54,79614.92,79475.17,79565.2,0.15667,0.5
BTCUSDT,2026-09-05 03:00:00+00:00,79565.2,79627.09,79500.75,79597.62,1.21412,0.5
BTCUSDT,2026-09-05 04:00:00+00:00,79585.75,79591.23,79490.29,79503.11,0.26569,0.5
BTCUSDT,2026-09-05 05:00:00+00:00,79503.1,79604.23,79450.08,79578.35,0.13074,0.5
BTCUSDT,2026-09-05 06:00:00+00:00,79566.88,79722.95,79564.9,79668.68,1.13242,0.5
BTCUSDT,2026-09-05 07:00:00+00:00,79643.39,79768.67,79643.39,79748.31,0.09911,0.5
BTCUSDT,2026-09-05 08:00:00+00:00,79683.84,79731.2,79563.49,79653.58,0.06762,0.5
BTCUSDT,2026-09-05 09:00:00+00:00,79695.73,79744.05,79610.81,79615.47,0.18109,0.5
BTCUSDT,2026-09-05 10:00:00+00:00,79641.63,79670.1,79585.13,79651.11,0.05845,0.5
BTCUSDT,2026-09-05 11:00:00+00:00,79612.37,79679.77,79607.62,79643.43,0.04012,0.5
BTCUSDT,2026-09-05 12:00:00+00:00,79597.32,79776.94,79597.32,79716.15,1.10374,0.5
BTCUSDT,2026-09-05 13:00:00+00:00,79704.13,79767.87,79567.05,79626.72,0.32866,0.5
BTCUSDT,2026-09-05 14:00:00+00:00,79635.4,79751.11,79635.4,79737.9,0.20405,0.5
BTCUSDT,2026-09-05 15:00:00+00:00,79727.85,79814.55,79685.1,79810.61,0.43287,0.5
BTCUSDT,2026-09-05 16:00:00+00:00,79793.09,80207.28,79746.17,80008.9,4.22486,0.5
BTCUSDT,2026-09-05 17:00:00+00:00,80059.47,80162.98,79974.55,80051.19,4.42561,0.5
BTCUSDT,2026-09-05 18:00:00+00:00,80084.84,80090.1,79932.15,79999.44,0.26607,0.5
BTCUSDT,2026-09-05 19:00:00+00:00,79999.43,79999.43,79742.17,79756.17,0.41701,0.5
BTCUSDT,2026-09-05 20:00:00+00:00,79805.64,79833.31,79696.93,79755.2,2.60236,0.5
BTCUSDT,2026-09-05 21:00:00+00:00,79752.05,79915.82,79726.68,79915.82,0.09968,0.5
BTCUSDT,2026-09-05 22:00:00+00:00,79937.11,79945.0,79753.34,79753.36,0.28301,0.5
BTCUSDT,2026-09-05 23:00:00+00:00,79785.24,79910.22,79740.78,79815.88,0.21261,0.5
BTCUSDT,2026-09-06 00:00:00+00:00,79822.99,79930.71,79822.99,79930.71,0.14551,0.5
BTCUSDT,2026-09-06 01:00:00+00:00,79923.37,80043.93,79897.31,79946.16,3.53667,0.5
BTCUSDT,2026-09-06 02:00:00+00:00,79964.4,80003.58,79875.11,79888.83,0.08542,0.5
BTCUSDT,2026-09-06 03:00:00+00:00,79903.74,80103.5,79891.87,80035.94,2.39376,0.5
BTCUSDT,2026-09-06 04:00:00+00:00,80024.0,80024.4,79861.02,79868.88,0.33336,0.5
BTCUSDT,2026-09-06 05:00:00+00:00,79894.35,80103.5,79786.61,79956.65,0.33228,0.5
BTCUSDT,2026-09-06 06:00:00+00:00,79980.47,79981.55,79726.21,79759.17,0.8119,0.5
BTCUSDT,2026-09-06 07:00:00+00:00,79794.19,79851.77,79578.23,79823.3,0.2345,0.5
BTCUSDT,2026-09-06 08:00:00+00:00,79803.41,79892.07,79764.63,79852.04,0.0471,0.5
BTCUSDT,2026-09-06 09:00:00+00:00,79854.76,80005.25,79815.17,79868.48,0.40672,0.5
BTCUSDT,2026-09-06 10:00:00+00:00,79906.64,80020.73,79903.89,79994.18,0.11096,0.5
BTCUSDT,2026-09-06 11:00:00+00:00,80018.31,80018.31,79884.49,79914.4,0.25706,0.5
BTCUSDT,2026-09-06 12:00:00+00:00,79914.4,79989.86,79857.26,79942.61,0.58948,0.5
BTCUSDT,2026-09-06 13:00:00+00:00,79876.04,79968.59,79788.09,79810.65,2.64754,0.5
BTCUSDT,2026-09-06 14:00:00+00:00,79831.9,79837.8,79269.84,79599.24,2.09778,0.5
BTCUSDT,2026-09-06 15:00:00+00:00,79552.36,79722.9,79414.39,79722.9,2.44921,0.5
BTCUSDT,2026-09-06 16:00:00+00:00,79710.83,79785.69,79609.3,79720.66,0.2172,0.5
BTCUSDT,2026-09-06 17:00:00+00:00,79673.39,79768.07,79596.91,79745.26,0.2093,0.5
BTCUSDT,2026-09-06 18:00:00+00:00,79785.36,79970.55,79785.36,79954.82,0.25423,0.5
BTCUSDT,2026-09-06 19:00:00+00:00,79952.37,79952.37,79809.78,79811.56,0.42079,0.5
BTCUSDT,2026-09-06 20:00:00+00:00,79827.62,79953.1,79784.92,79905.78,0.81054,0.5
BTCUSDT,2026-09-06 21:00:00+00:00,79966.83,80015.71,79898.37,79951.32,0.91563,0.5
BTCUSDT,2026-09-06 22:00:00+00:00,79917.68,80072.09,79668.98,80017.84,2.61939,0.5
BTCUSDT,2026-09-06 23:00:00+00:00,80019.32,80534.51,80003.89,80345.07,6.84277,0.5
BTCUSDT,2026-09-07 00:00:00+00:00,80349.8,80427.95,80091.18,80159.24,0.65097,0.5
BTCUSDT,2026-09-07 01:00:00+00:00,80150.38,80245.77,79854.33,79947.24,7.27927,0.5
BTCUSDT,2026-09-07 02:00:00+00:00,79928.11,80430.92,79801.41,79884.4,5.41614,0.5
BTCUSDT,2026-09-07 03:00:00+00:00,79856.82,79980.25,79579.1,79645.8,6.81002,0.5
BTCUSDT,2026-09-07 04:00:00+00:00,79606.92,79715.97,79557.56,79685.2,0.89568,0.5
BTCUSDT,2026-09-07 05:00:00+00:00,79714.7,79929.95,79670.55,79773.87,2.36197,0.5
BTCUSDT,2026-09-07 06:00:00+00:00,79756.81,79817.84,79648.06,79672.47,0.10057,0.5
BTCUSDT,2026-09-07 07:00:00+00:00,79652.2,79673.68,79016.91,79396.52,4.75202,0.5
BTCUSDT,2026-09-07 08:00:00+00:00,79401.72,79528.57,79401.71,79434.54,6.58263,0.5
BTCUSDT,2026-09-07 09:00:00+00:00,79439.44,79534.77,79380.1,79412.72,0.43899,0.5
BTCUSDT,2026-09-07 10:00:00+00:00,79330.4,79423.58,79330.4,79357.62,0.32969,0.5
BTCUSDT,2026-09-07 11:00:00+00:00,79382.85,79464.65,79307.0,79402.53,0.06476,0.5
BTCUSDT,2026-09-07 12:00:00+00:00,79417.05,79606.03,79410.59,79605.66,0.27486,0.5
BTCUSDT,2026-09-07 13:00:00+00:00,79606.2,79638.18,79327.88,79369.61,4.38609,0.5
BTCUSDT,2026-09-07 14:00:00+00:00,79338.55,79400.68,78972.55,79194.92,1.41338,0.5
BTCUSDT,2026-09-07 15:00:00+00:00,79186.34,79186.34,78697.51,78854.03,5.06255,0.5
BTCUSDT,2026-09-07 16:00:00+00:00,78835.89,79019.35,78820.45,78989.68,3.29789,0.5
BTCUSDT,2026-09-07 17:00:00+00:00,79032.26,79196.4,79020.61,79182.12,2.77944,0.5
BTCUSDT,2026-09-07 18:00:00+00:00,79209.36,79232.75,79094.98,79207.53,2.22523,0.5
BTCUSDT,2026-09-07 19:00:00+00:00,79188.57,79404.11,79162.13,79356.43,0.631,0.5
BTCUSDT,2026-09-07 20:00:00+00:00,79357.37,79398.97,79171.04,79230.27,2.56725,0.5
BTCUSDT,2026-09-07 21:00:00+00:00,79258.93,79262.37,79180.0,79180.0,0.27697,0.5
BTCUSDT,2026-09-07 22:00:00+00:00,79180.0,79221.44,78813.8,78954.9,2.49521,0.5
BTCUSDT,2026-09-07 23:00:00+00:00,78967.48,79183.66,78967.48,79123.21,2.62293,0.5
BTCUSDT,2026-09-08 00:00:00+00:00,79107.56,79315.3,78984.26,79311.09,4.73082,0.5
BTCUSDT,2026-09-08 01:00:00+00:00,79296.7,79459.11,79275.9,79403.38,0.7241,0.5
BTCUSDT,2026-09-08 02:00:00+00:00,79413.71,79469.72,79004.47,79007.68,2.50464,0.5
BTCUSDT,2026-09-08 03:00:00+00:00,78943.78,78997.86,78744.85,78915.84,2.44099,0.5
BTCUSDT,2026-09-08 04:00:00+00:00,78919.07,78921.88,78704.9,78704.9,2.30477,0.5
BTCUSDT,2026-09-08 05:00:00+00:00,78697.51,78874.14,78568.87,78606.04,3.20623,0.5
BTCUSDT,2026-09-08 06:00:00+00:00,78570.06,78618.99,78304.82,78319.78,0.47317,0.5
BTCUSDT,2026-09-08 07:00:00+00:00,78333.03,78592.57,78219.89,78458.1,0.29915,0.5
BTCUSDT,2026-09-08 08:00:00+00:00,78472.17,78548.56,78295.02,78433.87,0.14195,0.5
BTCUSDT,2026-09-08 09:00:00+00:00,78418.84,78782.74,78340.25,78752.38,4.65263,0.5
BTCUSDT,2026-09-08 10:00:00+00:00,78752.38,78989.51,78628.51,78628.51,6.49735,0.5
BTCUSDT,2026-09-08 11:00:00+00:00,78561.68,78561.68,78300.28,78421.34,0.41279,0.5
BTCUSDT,2026-09-08 12:00:00+00:00,78333.67,78460.17,78228.25,78405.16,0.19004,0.5
BTCUSDT,2026-09-08 13:00:00+00:00,78507.69,78542.56,77663.14,77938.01,1.71732,0.5
BTCUSDT,2026-09-08 14:00:00+00:00,78015.95,78603.81,77899.52,78521.38,3.48004,0.5
BTCUSDT,2026-09-08 15:00:00+00:00,78546.01,78881.3,78459.22,78879.89,4.19522,0.5
BTCUSDT,2026-09-08 16:00:00+00:00,78887.71,78955.67,78632.6,78735.45,3.38132,0.5
BTCUSDT,2026-09-08 17:00:00+00:00,78749.8,78850.0,78551.64,78567.33,2.09869,0.5
BTCUSDT,2026-09-08 18:00:00+00:00,78504.36,78771.14,78303.8,78407.83,5.02732,0.5
BTCUSDT,2026-09-08 19:00:00+00:00,78449.96,78528.84,78332.62,78421.79,0.38165,0.5
BTCUSDT,2026-09-08 20:00:00+00:00,78450.28,78628.64,78423.55,78499.98,5.46882,0.5
BTCUSDT,2026-09-08 21:00:00+00:00,78493.13,78596.87,78403.63,78459.2,1.8145,0.5
BTCUSDT,2026-09-08 22:00:00+00:00,78531.24,78644.08,78472.36,78554.69,1.22322,0.5
BTCUSDT,2026-09-08 23:00:00+00:00,78561.2,78571.36,78421.38,78421.38,0.2003,0.5
BTCUSDT,2026-09-09 00:00:00+00:00,78459.4,78782.89,78459.4,78759.06,2.25615,0.5
BTCUSDT,2026-09-09 01:00:00+00:00,78777.84,78880.0,78663.57,78849.26,0.71568,0.5
BTCUSDT,2026-09-09 02:00:00+00:00,78880.0,78925.7,78689.81,78727.53,2.47154,0.5
BTCUSDT,2026-09-09 03:00:00+00:00,78719.73,78724.1,78553.54,78655.44,2.11137,0.5
BTCUSDT,2026-09-09 04:00:00+00:00,78647.91,79194.56,78647.91,79168.47,6.12697,0.5
BTCUSDT,2026-09-09 05:00:00+00:00,79134.64,79353.4,78850.01,78925.53,12.3764,0.5
BTCUSDT,2026-09-09 06:00:00+00:00,78941.83,79287.77,78866.45,79165.33,0.28743,0.5
BTCUSDT,2026-09-09 07:00:00+00:00,79148.42,79381.83,79148.42,79281.53,0.30651,0.5
BTCUSDT,2026-09-09 08:00:00+00:00,79261.04,79741.66,79261.04,79673.79,1.99001,0.5
BTCUSDT,2026-09-09 09:00:00+00:00,79658.48,79658.48,78922.54,78939.7,2.52786,0.5
BTCUSDT,2026-09-09 10:00:00+00:00,79019.67,79178.58,78884.69,78895.75,0.09897,0.5
BTCUSDT,2026-09-09 11:00:00+00:00,78939.89,79358.25,78755.38,79341.5,0.48768,0.5
BTCUSDT,2026-09-09 12:00:00+00:00,79345.47,79652.65,79295.8,79583.79,0.7309,0.5
BTCUSDT,2026-09-09 13:00:00+00:00,79601.56,79665.36,79126.55,79134.33,0.42758,0.5
BTCUSDT,2026-09-09 14:00:00+00:00,79135.72,79381.83,78913.38,78922.45,9.1432,0.5
BTCUSDT,2026-09-09 15:00:00+00:00,79051.88,79367.25,78105.79,78616.91,11.63155,0.5
BTCUSDT,2026-09-09 16:00:00+00:00,78589.49,78895.06,78456.67,78802.11,0.38865,0.5
BTCUSDT,2026-09-09 17:00:00+00:00,78791.63,78899.45,78677.95,78799.03,0.25361,0.5
BTCUSDT,2026-09-09 18:00:00+00:00,78774.03,78774.03,78408.85,78408.85,0.14525,0.5
BTCUSDT,2026-09-09 19:00:00+00:00,78415.42,78544.5,78151.51,78222.99,3.07657,0.5
BTCUSDT,2026-09-09 20:00:00+00:00,78226.29,78337.47,77963.87,78296.5,0.45924,0.5
BTCUSDT,2026-09-09 21:00:00+00:00,78303.15,78314.86,78023.28,78137.88,6.6885,0.5
BTCUSDT,2026-09-09 22:00:00+00:00,78165.96,78165.96,77786.38,77920.18,4.45822,0.5
BTCUSDT,2026-09-09 23:00:00+00:00,77969.88,78311.73,77969.88,78303.05,0.9334,0.5
BTCUSDT,2026-09-10 00:00:00+00:00,78307.69,78359.63,78111.57,78185.46,0.6898,0.5
BTCUSDT,2026-09-10 01:00:00+00:00,78185.46,78503.73,77956.87,78117.71,0.95913,0.5
BTCUSDT,2026-09-10 02:00:00+00:00,78064.37,78357.55,77977.88,78341.85,1.21837,0.5
BTCUSDT,2026-09-10 03:00:00+00:00,78357.56,78500.05,78282.13,78329.57,0.76574,0.5
BTCUSDT,2026-09-10 04:00:00+00:00,78327.58,78435.69,78300.75,78395.42,1.40208,0.5
BTCUSDT,2026-09-10 05:00:00+00:00,78362.33,78554.45,78274.46,78512.79,0.3603,0.5
BTCUSDT,2026-09-10 06:00:00+00:00,78525.27,78525.27,78178.93,78431.25,0.08245,0.5
BTCUSDT,2026-09-10 07:00:00+00:00,78374.44,78374.44,77949.74,78114.42,1.39108,0.5
BTCUSDT,2026-09-10 08:00:00+00:00,78137.73,78170.71,78041.63,78095.78,0.03803,0.5
BTCUSDT,2026-09-10 09:00:00+00:00,78112.9,78217.86,77942.25,77994.0,0.01249,0.5
BTCUSDT,2026-09-10 10:00:00+00:00,77966.25,78033.73,77863.79,77863.79,0.47305,0.5
BTCUSDT,2026-09-10 11:00:00+00:00,77832.12,78043.76,77726.0,77882.31,1.12006,0.5
BTCUSDT,2026-09-10 12:00:00+00:00,77866.57,77941.37,76724.68,76849.98,12.21466,0.5
BTCUSDT,2026-09-10 13:00:00+00:00,76928.55,77214.85,76783.21,77202.91,2.59284,0.5
BTCUSDT,2026-09-10 14:00:00+00:00,77251.39,77425.84,76955.49,77401.09,0.7581,0.5
BTCUSDT,2026-09-10 15:00:00+00:00,77377.98,77416.79,77093.24,77241.35,0.43936,0.5
BTCUSDT,2026-09-10 16:00:00+00:00,77245.77,77304.61,76804.96,77149.67,2.2053,0.5
BTCUSDT,2026-09-10 17:00:00+00:00,77172.68,77534.98,77138.76,77377.35,0.44974,0.5
BTCUSDT,2026-09-10 18:00:00+00:00,77273.29,77273.29,77000.01,77232.06,5.91083,0.5
BTCUSDT,2026-09-10 19:00:00+00:00,77263.57,77295.26,77078.1,77140.32,1.16513,0.5
BTCUSDT,2026-09-10 20:00:00+00:00,77167.83,77343.22,77128.92,77255.3,0.26236,0.5
BTCUSDT,2026-09-10 21:00:00+00:00,77272.35,77289.7,77133.22,77133.22,0.42415,0.5
BTCUSDT,2026-09-10 22:00:00+00:00,77109.27,77208.45,76838.25,76838.25,0.21776,0.5
BTCUSDT,2026-09-10 23:00:00+00:00,76870.34,76877.14,76500.0,76634.78,1.52982,0.5
BTCUSDT,2026-09-11 00:00:00+00:00,76606.27,76929.21,76578.49,76919.47,4.52899,0.5
BTCUSDT,2026-09-11 01:00:00+00:00,76919.46,77008.56,76677.24,76974.43,1.5659,0.5
BTCUSDT,2026-09-11 02:00:00+00:00,76966.73,76995.95,76772.18,76845.56,0.77301,0.5
BTCUSDT,2026-09-11 03:00:00+00:00,76844.88,76900.01,76711.44,76886.46,2.42772,0.5
BTCUSDT,2026-09-11 04:00:00+00:00,76911.58,77176.73,76905.87,77118.36,0.14827,0.5
BTCUSDT,2026-09-11 05:00:00+00:00,77098.32,77209.59,77067.54,77205.36,0.12733,0.5
BTCUSDT,2026-09-11 06:00:00+00:00,77235.79,77402.7,77235.79,77293.45,0.2511,0.5
BTCUSDT,2026-09-11 07:00:00+00:00,77299.38,77390.03,77219.67,77236.03,0.73917,0.5
BTCUSDT,2026-09-11 08:00:00+00:00,77227.96,77475.17,77145.05,77411.73,0.27824,0.5
BTCUSDT,2026-09-11 09:00:00+00:00,77367.86,77367.86,76888.67,77024.89,0.24237,0.5
BTCUSDT,2026-09-11 10:00:00+00:00,77043.01,77172.97,76959.65,77025.23,0.1064,0.5
BTCUSDT,2026-09-11 11:00:00+00:00,76961.46,76988.08,76776.6,76988.08,0.11962,0.5
BTCUSDT,2026-09-11 12:00:00+00:00,77056.96,78137.01,76043.15,78010.41,6.15212,0.5
BTCUSDT,2026-09-11 13:00:00+00:00,77967.89,79328.12,77267.68,79221.61,4.65266,0.5
BTCUSDT,2026-09-11 14:00:00+00:00,79200.0,79867.43,78514.69,78822.68,7.24053,0.5
BTCUSDT,2026-09-11 15:00:00+00:00,78821.0,78830.08,77345.22,77658.19,1.91603,0.5
BTCUSDT,2026-09-11 16:00:00+00:00,77699.66,78056.98,77407.7,77843.48,0.40387,0.5
BTCUSDT,2026-09-11 17:00:00+00:00,77927.23,77962.44,77500.6,77580.62,4.46789,0.5
BTCUSDT,2026-09-11 18:00:00+00:00,77509.47,77509.47,76892.56,77001.93,2.34351,0.5
BTCUSDT,2026-09-11 19:00:00+00:00,77036.99,77387.09,77018.04,77333.8,9.03125,0.5
BTCUSDT,2026-09-11 20:00:00+00:00,77313.7,77479.34,77220.53,77319.4,17.42004,0.5
BTCUSDT,2026-09-11 21:00:00+00:00,77343.12,77431.3,77089.47,77095.42,0.25547,0.5
BTCUSDT,2026-09-11 22:00:00+00:00,77113.79,77233.57,76979.16,77136.83,1.11411,0.5
BTCUSDT,2026-09-11 23:00:00+00:00,77134.93,77210.56,77121.81,77205.0,0.15969,0.5
BTCUSDT,2026-09-12 00:00:00+00:00,77205.0,77323.7,77205.0,77297.9,0.84448,0.5
BTCUSDT,2026-09-12 01:00:00+00:00,77265.22,77377.66,77265.22,77286.27,0.16965,0.5
BTCUSDT,2026-09-12 02:00:00+00:00,77278.94,77324.59,77219.75,77314.06,0.21447,0.5
BTCUSDT,2026-09-12 03:00:00+00:00,77279.82,77336.83,77237.68,77274.34,1.1819,0.5
BTCUSDT,2026-09-12 04:00:00+00:00,77276.96,77316.48,77236.91,77236.91,0.79772,0.5
BTCUSDT,2026-09-12 05:00:00+00:00,77223.78,77264.61,77191.81,77244.32,0.24997,0.5
BTCUSDT,2026-09-12 06:00:00+00:00,77231.53,77352.46,77212.39,77317.24,0.04197,0.5
BTCUSDT,2026-09-12 07:00:00+00:00,77300.51,77346.14,77284.66,77284.66,0.03893,0.5
BTCUSDT,2026-09-12 08:00:00+00:00,77282.29,77375.76,77275.2,77345.03,0.0179,0.5
BTCUSDT,2026-09-12 09:00:00+00:00,77373.35,77384.85,77346.58,77346.58,0.03065,0.5
BTCUSDT,2026-09-12 10:00:00+00:00,77355.52,77402.95,77325.63,77340.27,0.06037,0.5
BTCUSDT,2026-09-12 11:00:00+00:00,77346.98,77360.28,77299.29,77360.28,0.08556,0.5
BTCUSDT,2026-09-12 12:00:00+00:00,77360.28,77364.95,77288.1,77341.8,1.14872,0.5
BTCUSDT,2026-09-12 13:00:00+00:00,77341.8,77400.0,77264.2,77335.79,0.30933,0.5
BTCUSDT,2026-09-12 14:00:00+00:00,77366.0,77486.77,77366.0,77464.17,1.30227,0.5
BTCUSDT,2026-09-12 15:00:00+00:00,77464.18,77495.98,77376.7,77378.55,0.55344,0.5
BTCUSDT,2026-09-12 16:00:00+00:00,77383.18,77413.4,77340.6,77346.07,0.12697,0.5
BTCUSDT,2026-09-12 17:00:00+00:00,77368.4,77392.34,77193.12,77218.53,0.25499,0.5
BTCUSDT,2026-09-12 18:00:00+00:00,77218.52,77218.52,77151.82,77158.03,0.57195,0.5
BTCUSDT,2026-09-12 19:00:00+00:00,77149.59,77192.07,77075.25,77153.24,0.16456,0.5
BTCUSDT,2026-09-12 20:00:00+00:00,77129.57,77199.38,77129.57,77167.41,0.10121,0.5
BTCUSDT,2026-09-12 21:00:00+00:00,77171.26,77266.3,77158.83,77245.71,0.12901,0.5
BTCUSDT,2026-09-12 22:00:00+00:00,77222.3,77299.71,77189.69,77239.66,0.14293,0.5
BTCUSDT,2026-09-12 23:00:00+00:00,77229.56,77291.75,77226.21,77284.74,0.05584,0.5
BTCUSDT,2026-09-13 00:00:00+00:00,77277.15,77284.2,77179.55,77276.98,0.03493,0.5
BTCUSDT,2026-09-13 01:00:00+00:00,77276.98,77342.22,77242.09,77304.74,1.22066,0.5
BTCUSDT,2026-09-13 02:00:00+00:00,77319.28,77319.28,77239.56,77296.31,0.22611,0.5
BTCUSDT,2026-09-13 03:00:00+00:00,77274.25,77303.64,77199.31,77216.7,0.05203,0.5
BTCUSDT,2026-09-13 04:00:00+00:00,77194.79,77262.0,77194.79,77205.66,0.14126,0.5
BTCUSDT,2026-09-13 05:00:00+00:00,77204.15,77323.06,77204.15,77323.06,0.02612,0.5
BTCUSDT,2026-09-13 06:00:00+00:00,77321.11,77321.16,77092.02,77092.02,0.01767,0.5
BTCUSDT,2026-09-13 07:00:00+00:00,77149.52,77178.24,77093.67,77105.57,0.28534,0.5
BTCUSDT,2026-09-13 08:00:00+00:00,77132.31,77151.3,76776.6,76842.07,0.38444,0.5
BTCUSDT,2026-09-13 09:00:00+00:00,76812.44,76889.46,76624.98,76771.02,0.17275,0.5
BTCUSDT,2026-09-13 10:00:00+00:00,76814.92,76815.59,76660.73,76660.94,0.01295,0.5
BTCUSDT,2026-09-13 11:00:00+00:00,76671.86,76814.76,76533.18,76805.7,1.65361,0.5
BTCUSDT,2026-09-13 12:00:00+00:00,76789.26,76853.25,76695.11,76740.26,0.03911,0.5
BTCUSDT,2026-09-13 13:00:00+00:00,76767.57,76905.06,76586.59,76864.16,0.10435,0.5
BTCUSDT,2026-09-13 14:00:00+00:00,76851.26,77252.67,76851.26,77179.74,0.11494,0.5
BTCUSDT,2026-09-13 15:00:00+00:00,77179.99,77206.29,77030.24,77119.74,0.04731,0.5
BTCUSDT,2026-09-13 16:00:00+00:00,77130.98,77373.14,77130.98,77289.74,0.31716,0.5
BTCUSDT,2026-09-13 17:00:00+00:00,77290.62,77408.88,77249.57,77355.8,0.37601,0.5
BTCUSDT,2026-09-13 18:00:00+00:00,77322.67,77393.71,77319.63,77345.37,0.24178,0.5
BTCUSDT,2026-09-13 19:00:00+00:00,77353.57,77392.8,77230.18,77278.17,0.12647,0.5
BTCUSDT,2026-09-13 20:00:00+00:00,77294.19,77364.09,77258.12,77344.82,0.07791,0.5
BTCUSDT,2026-09-13 21:00:00+00:00,77337.7,77453.4,77311.31,77316.44,0.32054,0.5
BTCUSDT,2026-09-13 22:00:00+00:00,77289.4,77294.86,76674.2,76715.08,3.28105,0.5
BTCUSDT,2026-09-13 23:00:00+00:00,76742.53,76856.9,76638.76,76827.78,0.57814,0.5
BTCUSDT,2026-09-14 00:00:00+00:00,76868.68,77037.81,76398.93,76817.85,1.21502,0.5
BTCUSDT,2026-09-14 01:00:00+00:00,76833.8,77172.35,76665.38,77172.35,0.28985,0.5
BTCUSDT,2026-09-14 02:00:00+00:00,77101.5,77703.74,77015.44,77567.24,1.12234,0.5
BTCUSDT,2026-09-14 03:00:00+00:00,77615.82,77861.58,77534.21,77549.87,0.43371,0.5
BTCUSDT,2026-09-14 04:00:00+00:00,77574.55,77697.23,77522.02,77681.07,0.48614,0.5
BTCUSDT,2026-09-14 05:00:00+00:00,77692.82,77692.82,77501.97,77583.1,0.07094,0.5
BTCUSDT,2026-09-14 06:00:00+00:00,77608.35,77854.3,77388.8,77630.31,0.16519,0.5
BTCUSDT,2026-09-14 07:00:00+00:00,77559.83,77876.53,77559.83,77844.61,0.63417,0.5
BTCUSDT,2026-09-14 08:00:00+00:00,77875.45,77963.87,77686.03,77709.78,0.26226,0.5
BTCUSDT,2026-09-14 09:00:00+00:00,77756.44,78348.08,77599.45,78245.55,1.55069,0.5
BTCUSDT,2026-09-14 10:00:00+00:00,78137.95,78137.95,77902.51,77946.78,0.25321,0.5
BTCUSDT,2026-09-14 11:00:00+00:00,77882.38,77927.19,77700.37,77752.24,0.03988,0.5
BTCUSDT,2026-09-14 12:00:00+00:00,77729.62,78059.89,77623.08,77672.69,0.44274,0.5
BTCUSDT,2026-09-14 13:00:00+00:00,77685.42,78469.02,77500.0,78112.04,1.09978,0.5
BTCUSDT,2026-09-14 14:00:00+00:00,78248.88,78694.04,78241.67,78531.27,0.87495,0.5
BTCUSDT,2026-09-14 15:00:00+00:00,78444.25,78673.98,78309.55,78612.16,1.03131,0.5
BTCUSDT,2026-09-14 16:00:00+00:00,78591.72,78875.0,78462.36,78772.3,1.60637,0.5
BTCUSDT,2026-09-14 17:00:00+00:00,78772.3,79039.5,78720.11,78914.28,1.61486,0.5
BTCUSDT,2026-09-14 18:00:00+00:00,78927.34,79322.47,78845.8,79231.13,1.86606,0.5
BTCUSDT,2026-09-14 19:00:00+00:00,79175.46,79213.31,78964.7,78985.35,0.68815,0.5
BTCUSDT,2026-09-14 20:00:00+00:00,79005.24,79593.91,78985.46,79102.21,0.77082,0.5
BTCUSDT,2026-09-14 21:00:00+00:00,79116.06,79116.06,78770.58,78775.17,0.37437,0.5
BTCUSDT,2026-09-14 22:00:00+00:00,78777.5,78861.83,78510.48,78557.22,0.2382,0.5
BTCUSDT,2026-09-14 23:00:00+00:00,78577.49,78577.49,78133.89,78171.49,0.42091,0.5
BTCUSDT,2026-09-15 00:00:00+00:00,78218.69,78218.69,77947.27,77959.37,0.37809,0.5
BTCUSDT,2026-09-15 01:00:00+00:00,77955.26,78078.29,77746.77,77916.97,0.83869,0.5
BTCUSDT,2026-09-15 02:00:00+00:00,77902.51,78018.65,77833.43,77910.04,0.22961,0.5
BTCUSDT,2026-09-15 03:00:00+00:00,77875.48,77875.48,77652.82,77652.82,0.65123,0.5
BTCUSDT,2026-09-15 04:00:00+00:00,77685.17,77750.76,77557.04,77581.74,0.11389,0.5
BTCUSDT,2026-09-15 05:00:00+00:00,77583.74,77645.73,77336.6,77645.73,0.16844,0.5
BTCUSDT,2026-09-15 06:00:00+00:00,77646.76,77728.81,77207.43,77277.56,0.26297,0.5
BTCUSDT,2026-09-15 07:00:00+00:00,77290.37,77309.47,76912.42,76912.42,2.34208,0.5
BTCUSDT,2026-09-15 08:00:00+00:00,76859.13,76997.97,76712.26,76997.97,0.17791,0.5
BTCUSDT,2026-09-15 09:00:00+00:00,76998.04,77059.46,76872.92,76960.62,0.52198,0.5
BTCUSDT,2026-09-15 10:00:00+00:00,76976.42,77167.27,76904.56,77063.66,0.28579,0.5
BTCUSDT,2026-09-15 11:00:00+00:00,77049.45,77179.33,76846.35,76927.0,0.44822,0.5
BTCUSDT,2026-09-15 12:00:00+00:00,76951.72,77132.75,76848.54,76907.57,0.33607,0.5
BTCUSDT,2026-09-15 13:00:00+00:00,76976.76,77120.99,76141.89,76590.53,4.60779,0.5
BTCUSDT,2026-09-15 14:00:00+00:00,76626.74,76687.21,75613.73,75922.2,12.07993,0.5
BTCUSDT,2026-09-15 15:00:00+00:00,75917.49,76600.24,75828.42,76514.51,0.67353,0.5
BTCUSDT,2026-09-15 16:00:00+00:00,76518.14,76576.77,76272.6,76403.09,0.34929,0.5
BTCUSDT,2026-09-15 17:00:00+00:00,76372.11,77322.61,76197.06,76981.07,0.87572,0.5
BTCUSDT,2026-09-15 18:00:00+00:00,76868.34,77174.98,74991.85,75985.1,6.40211,0.5
BTCUSDT,2026-09-15 19:00:00+00:00,76001.95,76282.41,75817.57,76141.83,1.15603,0.5
BTCUSDT,2026-09-15 20:00:00+00:00,76204.83,76238.1,75623.37,75935.91,1.03535,0.5
BTCUSDT,2026-09-15 21:00:00+00:00,75875.09,75957.42,75400.0,75465.93,1.3482,0.5
BTCUSDT,2026-09-15 22:00:00+00:00,75466.17,75750.04,75183.12,75673.7,1.58799,0.5
BTCUSDT,2026-09-15 23:00:00+00:00,75656.02,75944.27,75568.47,75656.53,0.41404,0.5
BTCUSDT,2026-09-16 00:00:00+00:00,75654.45,75900.0,75578.35,75777.07,1.59176,0.5
BTCUSDT,2026-09-16 01:00:00+00:00,75801.57,75954.09,75471.12,75506.41,1.01529,0.5
BTCUSDT,2026-09-16 02:00:00+00:00,75506.41,76112.91,75506.41,75891.3,4.70897,0.5
BTCUSDT,2026-09-16 03:00:00+00:00,75919.67,76084.82,75762.27,75830.28,0.32093,0.5
BTCUSDT,2026-09-16 04:00:00+00:00,75823.82,76031.36,75809.13,75888.04,0.32976,0.5
BTCUSDT,2026-09-16 05:00:00+00:00,75875.32,75969.09,75666.28,75952.84,0.30063,0.5
BTCUSDT,2026-09-16 06:00:00+00:00,75973.81,76026.7,75824.31,75966.61,1.40561,0.5
BTCUSDT,2026-09-16 07:00:00+00:00,76022.53,76099.44,75743.74,75771.74,0.16964,0.5
BTCUSDT,2026-09-16 08:00:00+00:00,75731.69,75771.75,75385.74,75722.16,5.03885,0.5
BTCUSDT,2026-09-16 09:00:00+00:00,75733.08,75985.08,75733.08,75968.62,0.19581,0.5
BTCUSDT,2026-09-16 10:00:00+00:00,75984.09,76056.79,75891.52,75964.76,0.29865,0.5
BTCUSDT,2026-09-16 11:00:00+00:00,76056.31,76287.94,75876.35,76263.55,0.63734,0.5
BTCUSDT,2026-09-16 12:00:00+00:00,76211.17,76274.04,75853.0,75944.95,2.3619,0.5
BTCUSDT,2026-09-16 13:00:00+00:00,75976.61,75976.61,75606.75,75667.48,3.79991,0.5
BTCUSDT,2026-09-16 14:00:00+00:00,75645.37,75842.95,75469.54,75648.11,1.41789,0.5
BTCUSDT,2026-09-16 15:00:00+00:00,75704.06,75915.43,75557.5,75786.77,2.12638,0.5
BTCUSDT,2026-09-16 16:00:00+00:00,75759.68,75876.33,75653.46,75763.88,0.41408,0.5
BTCUSDT,2026-09-16 17:00:00+00:00,75769.71,75900.0,75393.39,75750.33,0.61598,0.5
BTCUSDT,2026-09-16 18:00:00+00:00,75768.58,76500.13,75084.31,75617.3,12.73798,0.5
BTCUSDT,2026-09-16 19:00:00+00:00,75733.43,76164.37,75273.21,76078.33,0.79998,0.5
BTCUSDT,2026-09-16 20:00:00+00:00,76077.11,76399.22,76040.87,76183.8,0.575,0.5
BTCUSDT,2026-09-16 21:00:00+00:00,76177.4,76216.57,75932.6,75974.33,2.39888,0.5
BTCUSDT,2026-09-16 22:00:00+00:00,75970.46,75977.29,75637.15,75678.12,0.63741,0.5
BTCUSDT,2026-09-16 23:00:00+00:00,75678.72,76269.23,75648.0,76230.11,0.96891,0.5
BTCUSDT,2026-09-17 00:00:00+00:00,76206.13,76500.0,76206.13,76337.74,0.82316,0.5
BTCUSDT,2026-09-17 01:00:00+00:00,76289.65,76760.01,76225.83,76385.58,0.4412,0.5
BTCUSDT,2026-09-17 02:00:00+00:00,76370.4,76468.4,76064.9,76373.26,0.28594,0.5
BTCUSDT,2026-09-17 03:00:00+00:00,76398.22,76528.39,76395.44,76443.59,0.09559,0.5
BTCUSDT,2026-09-17 04:00:00+00:00,76443.58,76599.74,76180.47,76567.45,0.94096,0.5
BTCUSDT,2026-09-17 05:00:00+00:00,76542.67,76614.32,76322.0,76341.66,0.60117,0.5
BTCUSDT,2026-09-17 06:00:00+00:00,76299.38,76594.15,76299.38,76594.15,0.33953,0.5
BTCUSDT,2026-09-17 07:00:00+00:00,76493.6,76667.35,76442.0,76442.0,0.21875,0.5
BTCUSDT,2026-09-17 08:00:00+00:00,76462.35,76602.8,76391.11,76595.26,0.14291,0.5
BTCUSDT,2026-09-17 09:00:00+00:00,76599.3,76773.0,76473.77,76473.77,0.31912,0.5
BTCUSDT,2026-09-17 10:00:00+00:00,76432.56,76434.24,76261.07,76392.18,0.0377,0.5
BTCUSDT,2026-09-17 11:00:00+00:00,76455.68,76469.6,76174.92,76464.82,0.29251,0.5
BTCUSDT,2026-09-17 12:00:00+00:00,76465.36,77152.05,76410.78,76768.42,0.98853,0.5
BTCUSDT,2026-09-17 13:00:00+00:00,76715.99,76884.62,76047.79,76693.43,0.3512,0.5
BTCUSDT,2026-09-17 14:00:00+00:00,76695.25,77049.14,76401.04,76500.5,1.1486,0.5
BTCUSDT,2026-09-17 15:00:00+00:00,76512.84,76840.05,76271.01,76728.9,0.51171,0.5
BTCUSDT,2026-09-17 16:00:00+00:00,76780.52,76814.63,76537.28,76750.97,0.54242,0.5
BTCUSDT,2026-09-17 17:00:00+00:00,76763.3,76941.05,76584.54,76682.75,0.88199,0.5
BTCUSDT,2026-09-17 18:00:00+00:00,76670.83,76793.74,76500.0,76563.67,1.09761,0.5
BTCUSDT,2026-09-17 19:00:00+00:00,76573.67,76679.96,76508.78,76667.75,0.79524,0.5
BTCUSDT,2026-09-17 20:00:00+00:00,76556.51,76732.49,76500.24,76552.0,1.31185,0.5
BTCUSDT,2026-09-17 21:00:00+00:00,76569.38,76605.08,76414.63,76428.5,0.60218,0.5
BTCUSDT,2026-09-17 22:00:00+00:00,76388.77,76450.98,76260.49,76406.87,0.79329,0.5
BTCUSDT,2026-09-17 23:00:00+00:00,76403.11,76509.52,76396.4,76456.41,0.41475,0.5
BTCUSDT,2026-09-18 00:00:00+00:00,76423.99,76593.31,76313.64,76593.31,0.29872,0.5
BTCUSDT,2026-09-18 01:00:00+00:00,76599.99,76764.46,76528.71,76764.46,0.48121,0.5
BTCUSDT,2026-09-18 02:00:00+00:00,76776.6,77037.3,76652.24,76999.5,0.97238,0.5
BTCUSDT,2026-09-18 03:00:00+00:00,76987.77,77583.69,76987.77,77394.66,3.88446,0.5
BTCUSDT,2026-09-18 04:00:00+00:00,77384.49,77538.36,77222.98,77514.52,0.44818,0.5
BTCUSDT,2026-09-18 05:00:00+00:00,77538.36,77700.0,77472.59,77511.64,0.38209,0.5
BTCUSDT,2026-09-18 06:00:00+00:00,77507.48,77664.23,77414.27,77594.58,0.30503,0.5
BTCUSDT,2026-09-18 07:00:00+00:00,77643.28,77849.68,77598.35,77792.63,0.40985,0.5
BTCUSDT,2026-09-18 08:00:00+00:00,77822.01,78262.29,77663.89,78262.29,4.97177,0.5
BTCUSDT,2026-09-18 09:00:00+00:00,78260.42,78481.17,78013.09,78200.51,2.58303,0.5
BTCUSDT,2026-09-18 10:00:00+00:00,78199.32,78344.55,78105.3,78282.79,0.57668,0.5
BTCUSDT,2026-09-18 11:00:00+00:00,78316.55,78404.96,78032.45,78053.68,2.57004,0.5
BTCUSDT,2026-09-18 12:00:00+00:00,78061.75,78169.99,77984.13,78040.85,0.38023,0.5
BTCUSDT,2026-09-18 13:00:00+00:00,78039.75,80500.0,77971.78,80078.79,5.17355,0.5
BTCUSDT,2026-09-18 14:00:00+00:00,80132.98,80958.36,80119.98,80914.76,6.10214,0.5
BTCUSDT,2026-09-18 15:00:00+00:00,80952.12,81129.92,80501.53,80691.98,6.8811,0.5
BTCUSDT,2026-09-18 16:00:00+00:00,80758.44,81247.81,80665.69,80828.54,4.39547,0.5
BTCUSDT,2026-09-18 17:00:00+00:00,80864.5,80999.99,80594.49,80999.99,1.27954,0.5
BTCUSDT,2026-09-18 18:00:00+00:00,80999.47,81122.82,80824.42,80966.33,4.05066,0.5
BTCUSDT,2026-09-18 19:00:00+00:00,80955.19,81379.28,80920.46,81207.7,2.68638,0.5
BTCUSDT,2026-09-18 20:00:00+00:00,81198.38,81235.91,80958.93,81082.24,1.06879,0.5
BTCUSDT,2026-09-18 21:00:00+00:00,81123.08,81297.35,81083.14,81240.67,1.25202,0.5
BTCUSDT,2026-09-18 22:00:00+00:00,81240.68,81372.68,81094.27,81128.41,1.74717,0.5
BTCUSDT,2026-09-18 23:00:00+00:00,81202.53,81202.53,80867.54,80880.22,0.75338,0.5
BTCUSDT,2026-09-19 00:00:00+00:00,80895.92,81660.57,80842.97,81660.57,1.43531,0.5
BTCUSDT,2026-09-19 01:00:00+00:00,81667.0,81729.34,81066.29,81280.43,1.26724,0.5
BTCUSDT,2026-09-19 02:00:00+00:00,81289.89,81428.04,81265.56,81292.91,0.54531,0.5
BTCUSDT,2026-09-19 03:00:00+00:00,81294.7,81402.52,81119.57,81131.83,0.7325,0.5
BTCUSDT,2026-09-19 04:00:00+00:00,81134.86,81228.56,80925.47,81000.04,2.17802,0.5
BTCUSDT,2026-09-19 05:00:00+00:00,81026.95,81141.93,81026.53,81035.1,0.04884,0.5
BTCUSDT,2026-09-19 06:00:00+00:00,81056.71,81095.1,80963.84,81030.54,0.09342,0.5
BTCUSDT,2026-09-19 07:00:00+00:00,81078.37,81231.59,81041.49,81132.52,0.04358,0.5
BTCUSDT,2026-09-19 08:00:00+00:00,81083.78,81399.99,81075.81,81286.03,0.22602,0.5
BTCUSDT,2026-09-19 09:00:00+00:00,81319.93,81526.8,81250.86,81337.98,0.1586,0.5
BTCUSDT,2026-09-19 10:00:00+00:00,81310.79,81329.28,81235.44,81244.82,0.20406,0.5
BTCUSDT,2026-09-19 11:00:00+00:00,81200.14,81373.09,81200.14,81302.38,0.52126,0.5
BTCUSDT,2026-09-19 12:00:00+00:00,81300.54,81371.9,81219.81,81329.37,0.29709,0.5
BTCUSDT,2026-09-19 13:00:00+00:00,81316.36,81363.1,81200.01,81363.09,0.56517,0.5
BTCUSDT,2026-09-19 14:00:00+00:00,81335.79,81633.4,81335.79,81561.7,0.48215,0.5
BTCUSDT,2026-09-19 15:00:00+00:00,81590.6,81921.0,81590.53,81637.16,2.1785,0.5
BTCUSDT,2026-09-19 16:00:00+00:00,81614.77,81899.23,81473.76,81842.78,1.41298,0.5
BTCUSDT,2026-09-19 17:00:00+00:00,81839.83,81866.13,81476.38,81482.66,2.51465,0.5
BTCUSDT,2026-09-19 18:00:00+00:00,81512.19,81528.17,81350.01,81439.62,0.1412,0.5
BTCUSDT,2026-09-19 19:00:00+00:00,81465.88,81465.88,81315.74,81353.11,0.21726,0.5
BTCUSDT,2026-09-19 20:00:00+00:00,81370.0,81429.36,81079.71,81125.73,1.84751,0.5
BTCUSDT,2026-09-19 21:00:00+00:00,81160.8,81192.22,80904.1,81121.05,0.27949,0.5
BTCUSDT,2026-09-19 22:00:00+00:00,81080.11,81277.86,80971.55,81261.0,0.24477,0.5
BTCUSDT,2026-09-19 23:00:00+00:00,81251.24,81363.69,81225.84,81256.72,0.51981,0.5
BTCUSDT,2026-09-20 00:00:00+00:00,81219.73,81343.12,81209.54,81311.23,5.82518,0.5
BTCUSDT,2026-09-20 01:00:00+00:00,81292.63,81292.64,81023.17,81088.76,0.83836,0.5
BTCUSDT,2026-09-20 02:00:00+00:00,81098.53,81167.64,80278.31,80283.93,1.1439,0.5
BTCUSDT,2026-09-20 03:00:00+00:00,80329.6,80519.21,80134.06,80472.56,0.53177,0.5
BTCUSDT,2026-09-20 04:00:00+00:00,80479.32,80516.3,80325.82,80482.7,0.33439,0.5
BTCUSDT,2026-09-20 05:00:00+00:00,80431.26,80639.8,80414.31,80497.21,0.30534,0.5
BTCUSDT,2026-09-20 06:00:00+00:00,80494.5,80609.76,80224.76,80331.48,0.55129,0.5
BTCUSDT,2026-09-20 07:00:00+00:00,80330.53,80395.49,80298.4,80312.2,0.06508,0.5
BTCUSDT,2026-09-20 08:00:00+00:00,80312.88,80437.56,80178.35,80252.64,2.06416,0.5
BTCUSDT,2026-09-20 09:00:00+00:00,80288.05,80579.89,80283.39,80525.28,0.05086,0.5
BTCUSDT,2026-09-20 10:00:00+00:00,80481.53,80481.53,80332.35,80355.55,0.11389,0.5
BTCUSDT,2026-09-20 11:00:00+00:00,80311.0,80529.67,80309.84,80508.92,0.46314,0.5
BTCUSDT,2026-09-20 12:00:00+00:00,80474.71,80520.51,80361.47,80501.8,0.07459,0.5
BTCUSDT,2026-09-20 13:00:00+00:00,80552.19,80641.08,80444.16,80572.85,1.11416,0.5
BTCUSDT,2026-09-20 14:00:00+00:00,80576.79,80796.07,80413.48,80695.26,0.56852,0.5
BTCUSDT,2026-09-20 15:00:00+00:00,80700.53,80958.34,80667.7,80958.34,0.33282,0.5
BTCUSDT,2026-09-20 16:00:00+00:00,80900.08,81471.87,80816.66,81289.52,0.60869,0.5
BTCUSDT,2026-09-20 17:00:00+00:00,81293.79,81447.41,81082.74,81132.47,0.42048,0.5
BTCUSDT,2026-09-20 18:00:00+00:00,81147.44,81305.96,81050.66,81073.69,2.21465,0.5
BTCUSDT,2026-09-20 19:00:00+00:00,81036.21,81286.6,81036.21,81163.49,0.33012,0.5
BTCUSDT,2026-09-20 20:00:00+00:00,81184.53,81231.63,81082.91,81082.91,0.31249,0.5
BTCUSDT,2026-09-20 21:00:00+00:00,81072.59,81072.59,80613.6,80940.72,4.7619,0.5
BTCUSDT,2026-09-20 22:00:00+00:00,80974.78,81300.54,80782.61,81209.08,0.42961,0.5
BTCUSDT,2026-09-20 23:00:00+00:00,81211.49,81332.48,81136.05,81164.57,0.23046,0.5
BTCUSDT,2026-09-21 00:00:00+00:00,81178.63,81833.95,81178.63,81628.53,2.19049,0.5
BTCUSDT,2026-09-21 01:00:00+00:00,81586.54,82076.56,80896.65,81007.06,2.65056,0.5
BTCUSDT,2026-09-21 02:00:00+00:00,81018.78,81499.52,81018.78,81313.51,0.67154,0.5
BTCUSDT,2026-09-21 03:00:00+00:00,81372.55,81566.51,81299.57,81425.7,0.22445,0.5
BTCUSDT,2026-09-21 04:00:00+00:00,81422.45,81500.23,81236.74,81446.53,0.31191,0.5
BTCUSDT,2026-09-21 05:00:00+00:00,81399.47,81786.55,81302.24,81550.54,0.34497,0.5
BTCUSDT,2026-09-21 06:00:00+00:00,81560.54,81864.96,81420.62,81640.59,0.54166,0.5
BTCUSDT,2026-09-21 07:00:00+00:00,81607.55,81708.42,81476.47,81708.42,0.32052,0.5
BTCUSDT,2026-09-21 08:00:00+00:00,81708.71,84167.95,81708.71,83777.49,8.64484,0.5
BTCUSDT,2026-09-21 09:00:00+00:00,83768.12,85273.27,83733.64,84600.0,4.83683,0.5
BTCUSDT,2026-09-21 10:00:00+00:00,84650.18,84781.87,84171.52,84395.35,1.00945,0.5
BTCUSDT,2026-09-21 11:00:00+00:00,84431.79,84900.0,84431.79,84860.94,3.35047,0.5
BTCUSDT,2026-09-21 12:00:00+00:00,84872.23,85457.55,84833.51,85335.66,3.43428,0.5
BTCUSDT,2026-09-21 13:00:00+00:00,85292.61,85844.13,84807.52,85451.79,1.67016,0.5
BTCUSDT,2026-09-21 14:00:00+00:00,85437.7,86105.14,85060.82,85821.96,2.00384,0.5
BTCUSDT,2026-09-21 15:00:00+00:00,85835.42,86316.64,85789.56,85919.06,5.1902,0.5
BTCUSDT,2026-09-21 16:00:00+00:00,85927.31,86108.66,85640.0,86022.46,2.89192,0.5
BTCUSDT,2026-09-21 17:00:00+00:00,85932.22,86109.28,85704.52,85897.73,1.51581,0.5
BTCUSDT,2026-09-21 18:00:00+00:00,85852.34,86065.09,85812.05,86050.51,0.39399,0.5
BTCUSDT,2026-09-21 19:00:00+00:00,86067.23,86882.68,85980.35,86523.52,2.87048,0.5
BTCUSDT,2026-09-21 20:00:00+00:00,86570.39,87375.02,86545.67,86937.66,3.53431,0.5
BTCUSDT,2026-09-21 21:00:00+00:00,86933.81,86933.82,86590.51,86597.05,4.62467,0.5
BTCUSDT,2026-09-21 22:00:00+00:00,86579.86,86757.47,86289.08,86450.44,0.48861,0.5
BTCUSDT,2026-09-21 23:00:00+00:00,86453.13,86697.16,86359.72,86625.28,0.81955,0.5
BTCUSDT,2026-09-22 00:00:00+00:00,86616.13,86618.54,85866.69,85899.46,2.72782,0.5
BTCUSDT,2026-09-22 01:00:00+00:00,85932.58,85982.4,85418.01,85560.67,2.53019,0.5
BTCUSDT,2026-09-22 02:00:00+00:00,85619.46,85885.19,85400.01,85758.51,1.12536,0.5
BTCUSDT,2026-09-22 03:00:00+00:00,85716.26,85758.27,85320.55,85710.06,0.84409,0.5
BTCUSDT,2026-09-22 04:00:00+00:00,85692.3,85724.69,85433.93,85466.83,0.04307,0.5
BTCUSDT,2026-09-22 05:00:00+00:00,85452.54,85599.99,85129.89,85419.24,4.07449,0.5
BTCUSDT,2026-09-22 06:00:00+00:00,85397.01,85563.69,85263.45,85357.46,0.15886,0.5
BTCUSDT,2026-09-22 07:00:00+00:00,85387.12,85501.94,85166.8,85349.51,0.41502,0.5
BTCUSDT,2026-09-22 08:00:00+00:00,85356.52,86356.04,85343.5,86198.37,1.36542,0.5
BTCUSDT,2026-09-22 09:00:00+00:00,86223.03,86268.75,85696.73,86216.63,2.19533,0.5
BTCUSDT,2026-09-22 10:00:00+00:00,86233.74,86254.29,85740.76,85893.64,0.82762,0.5
BTCUSDT,2026-09-22 11:00:00+00:00,85962.56,86142.52,85774.55,85984.63,0.80504,0.5
BTCUSDT,2026-09-22 12:00:00+00:00,86012.73,86166.85,85800.01,85987.09,0.60145,0.5
BTCUSDT,2026-09-22 13:00:00+00:00,86024.49,86356.89,85566.37,86356.89,1.35167,0.5
BTCUSDT,2026-09-22 14:00:00+00:00,86312.53,86456.53,85475.28,86239.64,0.88735,0.5
BTCUSDT,2026-09-22 15:00:00+00:00,86237.64,86699.26,86142.28,86431.43,2.55591,0.5
BTCUSDT,2026-09-22 16:00:00+00:00,86435.35,86578.58,86068.41,86432.72,1.24711,0.5
BTCUSDT,2026-09-22 17:00:00+00:00,86402.36,86662.89,86253.72,86568.19,0.92655,0.5
BTCUSDT,2026-09-22 18:00:00+00:00,86607.32,86660.28,86252.89,86493.9,1.18635,0.5
BTCUSDT,2026-09-22 19:00:00+00:00,86524.55,86590.51,86148.24,86258.34,1.80157,0.5
BTCUSDT,2026-09-22 20:00:00+00:00,86216.88,86379.83,86139.67,86215.78,0.48943,0.5
BTCUSDT,2026-09-22 21:00:00+00:00,86274.68,86340.48,86192.71,86193.36,0.21105,0.5
BTCUSDT,2026-09-22 22:00:00+00:00,86184.5,86300.59,86000.0,86128.62,0.47823,0.5
BTCUSDT,2026-09-22 23:00:00+00:00,86130.02,86499.51,86113.31,86150.48,0.5463,0.5
BTCUSDT,2026-09-23 00:00:00+00:00,86175.55,86580.48,86141.97,86440.7,1.24644,0.5
BTCUSDT,2026-09-23 01:00:00+00:00,86463.33,86827.0,86200.0,86304.96,5.47777,0.5
BTCUSDT,2026-09-23 02:00:00+00:00,86385.9,86645.22,86285.79,86503.91,4.93442,0.5
BTCUSDT,2026-09-23 03:00:00+00:00,86500.0,86941.95,86456.23,86711.33,1.40574,0.5
BTCUSDT,2026-09-23 04:00:00+00:00,86711.32,87266.95,86636.71,87180.87,1.04166,0.5
BTCUSDT,2026-09-23 05:00:00+00:00,87127.05,87127.05,86438.49,86466.48,0.41826,0.5
BTCUSDT,2026-09-23 06:00:00+00:00,86497.89,86606.49,86379.76,86491.52,0.32265,0.5
BTCUSDT,2026-09-23 07:00:00+00:00,86458.65,86462.64,86000.0,86134.31,0.67604,0.5
BTCUSDT,2026-09-23 08:00:00+00:00,86125.19,86263.53,85705.6,85905.78,1.31182,0.5
BTCUSDT,2026-09-23 09:00:00+00:00,85905.63,86009.0,85777.04,85854.8,0.45094,0.5
BTCUSDT,2026-09-23 10:00:00+00:00,85839.4,85923.22,85681.72,85923.22,0.50309,0.5
BTCUSDT,2026-09-23 11:00:00+00:00,85941.16,85942.96,85460.47,85665.83,5.54695,0.5
BTCUSDT,2026-09-23 12:00:00+00:00,85644.49,85656.77,85289.56,85475.6,2.23124,0.5
BTCUSDT,2026-09-23 13:00:00+00:00,85514.98,85864.95,85303.52,85800.0,0.48171,0.5
BTCUSDT,2026-09-23 14:00:00+00:00,85826.86,85911.91,83887.97,84550.0,5.78563,0.5
BTCUSDT,2026-09-23 15:00:00+00:00,84550.0,84760.54,83953.1,83991.01,1.12439,0.5
BTCUSDT,2026-09-23 16:00:00+00:00,83995.62,84346.56,83517.4,84021.48,2.4304,0.5
BTCUSDT,2026-09-23 17:00:00+00:00,84041.37,84380.61,83711.13,84311.72,2.46397,0.5
BTCUSDT,2026-09-23 18:00:00+00:00,84322.86,84399.99,84133.17,84331.3,0.58107,0.5
BTCUSDT,2026-09-23 19:00:00+00:00,84331.53,84545.92,84221.64,84501.99,2.71719,0.5
BTCUSDT,2026-09-23 20:00:00+00:00,84516.4,84548.67,84240.03,84242.47,0.25363,0.5
BTCUSDT,2026-09-23 21:00:00+00:00,84238.02,84511.09,84224.83,84437.55,4.67327,0.5
BTCUSDT,2026-09-23 22:00:00+00:00,84427.67,84673.26,84367.88,84564.7,0.76774,0.5
BTCUSDT,2026-09-23 23:00:00+00:00,84549.33,84552.48,84357.88,84414.36,0.76576,0.5
BTCUSDT,2026-09-24 00:00:00+00:00,84397.39,84490.47,84232.04,84329.3,0.16418,0.5
BTCUSDT,2026-09-24 01:00:00+00:00,84321.17,84464.49,84067.97,84111.61,0.32203,0.5
BTCUSDT,2026-09-24 02:00:00+00:00,84106.79,84370.02,83766.73,84359.24,0.31654,0.5
BTCUSDT,2026-09-24 03:00:00+00:00,84362.33,84477.74,83850.18,83930.43,0.51333,0.5
BTCUSDT,2026-09-24 04:00:00+00:00,83948.96,84054.35,83795.28,84045.86,0.39171,0.5
BTCUSDT,2026-09-24 05:00:00+00:00,84045.86,84397.1,83999.65,83999.65,0.33519,0.5
BTCUSDT,2026-09-24 06:00:00+00:00,83990.65,84200.0,83928.51,84115.42,8.79926,0.5
BTCUSDT,2026-09-24 07:00:00+00:00,84112.44,84599.99,83954.19,84531.47,3.16275,0.5
BTCUSDT,2026-09-24 08:00:00+00:00,84526.7,84609.98,83303.5,83600.0,2.91782,0.5
BTCUSDT,2026-09-24 09:00:00+00:00,83733.35,83749.56,82891.15,83169.87,5.04105,0.5
BTCUSDT,2026-09-24 10:00:00+00:00,83229.55,83565.02,83193.41,83488.24,0.4338,0.5
BTCUSDT,2026-09-24 11:00:00+00:00,83543.56,83600.0,83411.15,83508.21,0.51284,0.5
BTCUSDT,2026-09-24 12:00:00+00:00,83400.0,83650.0,83375.75,83604.66,4.48057,0.5
BTCUSDT,2026-09-24 13:00:00+00:00,83607.91,84335.04,83607.91,84258.79,3.99631,0.5
BTCUSDT,2026-09-24 14:00:00+00:00,84208.78,84923.73,83405.17,83631.32,6.14089,0.5
BTCUSDT,2026-09-24 15:00:00+00:00,83634.88,84445.01,83517.91,84408.34,3.95095,0.5
BTCUSDT,2026-09-24 16:00:00+00:00,84407.59,84907.21,84075.0,84513.54,2.58162,0.5
BTCUSDT,2026-09-24 17:00:00+00:00,84499.55,84558.69,84027.4,84098.42,1.3814,0.5
BTCUSDT,2026-09-24 18:00:00+00:00,84107.18,84550.42,83926.37,84496.41,0.73982,0.5
BTCUSDT,2026-09-24 19:00:00+00:00,84503.64,84677.39,84300.31,84378.98,2.52735,0.5
BTCUSDT,2026-09-24 20:00:00+00:00,84377.59,84473.18,84179.17,84328.2,0.64148,0.5
BTCUSDT,2026-09-24 21:00:00+00:00,84391.75,84499.14,84296.63,84374.85,0.12232,0.5
BTCUSDT,2026-09-24 22:00:00+00:00,84319.17,84356.09,83963.02,84277.51,0.33741,0.5
BTCUSDT,2026-09-24 23:00:00+00:00,84277.51,84467.6,84270.39,84411.53,0.60875,0.5
BTCUSDT,2026-09-25 00:00:00+00:00,84410.6,84700.81,84410.6,84573.67,0.56006,0.5
BTCUSDT,2026-09-25 01:00:00+00:00,84592.96,84791.61,84367.86,84588.43,0.74065,0.5
BTCUSDT,2026-09-25 02:00:00+00:00,84612.34,84877.04,84186.11,84201.14,1.15223,0.5
BTCUSDT,2026-09-25 03:00:00+00:00,84225.23,84384.62,84082.48,84233.55,0.37778,0.5
BTCUSDT,2026-09-25 04:00:00+00:00,84231.51,84279.92,84076.87,84199.85,0.28809,0.5
BTCUSDT,2026-09-25 05:00:00+00:00,84221.02,84347.46,84100.38,84204.85,0.15682,0.5
BTCUSDT,2026-09-25 06:00:00+00:00,84170.68,84265.5,83955.95,84046.34,0.33315,0.5
BTCUSDT,2026-09-25 07:00:00+00:00,84058.33,84082.27,83755.66,84081.35,0.3155,0.5
BTCUSDT,2026-09-25 08:00:00+00:00,84050.81,84474.43,84041.7,84436.09,0.25806,0.5
BTCUSDT,2026-09-25 09:00:00+00:00,84436.08,84842.32,84436.08,84595.22,0.49001,0.5
BTCUSDT,2026-09-25 10:00:00+00:00,84566.53,84858.7,84400.26,84721.51,0.32774,0.5
BTCUSDT,2026-09-25 11:00:00+00:00,84748.89,85250.22,84591.89,84591.89,2.42558,0.5
BTCUSDT,2026-09-25 12:00:00+00:00,84602.54,84675.2,83906.23,84455.84,1.70458,0.5
BTCUSDT,2026-09-25 13:00:00+00:00,84445.8,84561.22,83561.78,83919.54,0.96732,0.5
BTCUSDT,2026-09-25 14:00:00+00:00,83924.12,84019.73,83200.0,84019.73,3.11202,0.5
BTCUSDT,2026-09-25 15:00:00+00:00,84000.12,84092.37,83400.0,83779.76,1.25984,0.5
BTCUSDT,2026-09-25 16:00:00+00:00,83800.0,84094.96,83720.26,83740.49,1.57039,0.5
BTCUSDT,2026-09-25 17:00:00+00:00,83774.28,83992.91,83652.99,83786.51,0.43322,0.5
BTCUSDT,2026-09-25 18:00:00+00:00,83829.59,84068.28,83814.27,83956.61,0.55163,0.5
BTCUSDT,2026-09-25 19:00:00+00:00,83984.26,84069.29,83937.15,84012.09,0.41434,0.5
BTCUSDT,2026-09-25 20:00:00+00:00,84022.16,84181.97,83873.23,83886.42,1.02446,0.5
BTCUSDT,2026-09-25 21:00:00+00:00,83879.63,83916.11,83636.56,83790.33,0.72077,0.5
BTCUSDT,2026-09-25 22:00:00+00:00,83798.26,84123.12,83780.39,84091.89,0.11093,0.5
BTCUSDT,2026-09-25 23:00:00+00:00,84080.39,84114.09,84020.7,84104.62,0.62879,0.5
BTCUSDT,2026-09-26 00:00:00+00:00,84096.4,84111.33,83800.01,83894.26,0.18226,0.5
BTCUSDT,2026-09-26 01:00:00+00:00,83908.12,84079.94,83908.12,84069.64,1.11362,0.5
BTCUSDT,2026-09-26 02:00:00+00:00,84077.58,84132.85,83999.75,84015.72,0.16286,0.5
BTCUSDT,2026-09-26 03:00:00+00:00,84016.34,84050.5,83922.41,83944.08,0.31041,0.5
BTCUSDT,2026-09-26 04:00:00+00:00,83946.37,84039.81,83858.52,83982.39,0.78652,0.5
BTCUSDT,2026-09-26 05:00:00+00:00,83987.5,84007.48,83901.8,83918.62,0.24587,0.5
BTCUSDT,2026-09-26 06:00:00+00:00,83928.24,83968.26,83882.07,83889.35,0.59529,0.5
BTCUSDT,2026-09-26 07:00:00+00:00,83901.0,84126.69,83901.0,84126.5,0.3942,0.5
BTCUSDT,2026-09-26 08:00:00+00:00,84102.82,84320.07,84037.2,84220.4,0.39542,0.5
BTCUSDT,2026-09-26 09:00:00+00:00,84214.43,84214.43,83967.33,84003.43,0.52616,0.5
BTCUSDT,2026-09-26 10:00:00+00:00,84028.12,84184.54,84028.12,84180.58,0.05271,0.5
BTCUSDT,2026-09-26 11:00:00+00:00,84181.75,84200.21,84135.91,84178.13,0.11626,0.5
BTCUSDT,2026-09-26 12:00:00+00:00,84179.07,84203.08,84050.55,84069.65,0.1075,0.5
BTCUSDT,2026-09-26 13:00:00+00:00,84061.19,84127.73,83880.25,83939.58,0.34125,0.5
BTCUSDT,2026-09-26 14:00:00+00:00,83938.08,84065.17,83930.39,84065.17,0.30737,0.5
BTCUSDT,2026-09-26 15:00:00+00:00,84036.12,84185.02,84004.99,84140.99,0.40443,0.5
BTCUSDT,2026-09-26 16:00:00+00:00,84140.99,84165.71,84109.86,84110.01,0.17314,0.5
BTCUSDT,2026-09-26 17:00:00+00:00,84118.5,84132.83,84043.98,84132.83,0.16657,0.5
BTCUSDT,2026-09-26 18:00:00+00:00,84132.32,84167.08,84003.27,84014.81,0.27067,0.5
BTCUSDT,2026-09-26 19:00:00+00:00,84025.17,84051.75,83980.0,84015.7,0.23534,0.5
BTCUSDT,2026-09-26 20:00:00+00:00,84017.04,84098.14,83852.88,84030.61,0.49563,0.5
BTCUSDT,2026-09-26 21:00:00+00:00,84030.65,84244.58,84030.65,84157.6,0.58081,0.5
BTCUSDT,2026-09-26 22:00:00+00:00,84160.65,84413.12,84160.65,84270.88,0.69142,0.5
BTCUSDT,2026-09-26 23:00:00+00:00,84279.88,84455.45,84279.88,84451.58,1.27894,0.5
BTCUSDT,2026-09-27 00:00:00+00:00,84431.83,84443.46,84267.69,84306.36,0.15765,0.5
BTCUSDT,2026-09-27 01:00:00+00:00,84298.14,84559.15,84282.02,84483.63,0.72396,0.5
BTCUSDT,2026-09-27 02:00:00+00:00,84488.22,84549.21,84450.26,84457.81,0.28892,0.5
BTCUSDT,2026-09-27 03:00:00+00:00,84467.38,84518.34,84373.45,84414.76,0.14462,0.5
BTCUSDT,2026-09-27 04:00:00+00:00,84402.4,84508.7,84307.69,84325.97,0.17164,0.5
BTCUSDT,2026-09-27 05:00:00+00:00,84326.23,84633.97,84326.23,84499.57,0.52113,0.5
BTCUSDT,2026-09-27 06:00:00+00:00,84481.44,84619.82,84479.29,84509.06,0.16203,0.5
BTCUSDT,2026-09-27 07:00:00+00:00,84527.55,84782.66,84499.75,84782.64,0.34863,0.5
BTCUSDT,2026-09-27 08:00:00+00:00,84782.66,84881.28,84692.44,84804.62,0.2085,0.5
BTCUSDT,2026-09-27 09:00:00+00:00,84787.0,84946.99,84600.01,84928.29,0.35079,0.5
BTCUSDT,2026-09-27 10:00:00+00:00,84940.48,85114.17,84820.76,84856.43,0.45225,0.5
BTCUSDT,2026-09-27 11:00:00+00:00,84849.14,84945.68,84842.95,84897.53,0.153,0.5
BTCUSDT,2026-09-27 12:00:00+00:00,84907.2,85033.91,84819.63,84819.63,0.36052,0.5
BTCUSDT,2026-09-27 13:00:00+00:00,84800.0,85151.71,84674.41,85032.5,0.95607,0.5
BTCUSDT,2026-09-27 14:00:00+00:00,85046.04,85048.56,84476.55,84591.54,2.36919,0.5
BTCUSDT,2026-09-27 15:00:00+00:00,84549.59,84629.45,84372.71,84435.89,0.6573,0.5
BTCUSDT,2026-09-27 16:00:00+00:00,84485.53,84660.44,84386.39,84432.97,0.27789,0.5
BTCUSDT,2026-09-27 17:00:00+00:00,84424.29,84565.96,84361.68,84565.96,0.13951,0.5
BTCUSDT,2026-09-27 18:00:00+00:00,84570.86,84819.17,84570.86,84819.17,0.23674,0.5
BTCUSDT,2026-09-27 19:00:00+00:00,84825.31,84847.64,84667.76,84742.47,0.41052,0.5
BTCUSDT,2026-09-27 20:00:00+00:00,84749.81,84822.5,84561.43,84566.82,0.27113,0.5
BTCUSDT,2026-09-27 21:00:00+00:00,84565.46,84718.74,84495.01,84672.28,0.75057,0.5
BTCUSDT,2026-09-27 22:00:00+00:00,84692.4,84737.73,84135.65,84214.53,2.56292,0.5
BTCUSDT,2026-09-27 23:00:00+00:00,84185.16,84532.33,84146.3,84472.26,0.73976,0.5
BTCUSDT,2026-09-28 00:00:00+00:00,84473.92,84998.79,84180.37,84219.04,0.97454,0.5
BTCUSDT,2026-09-28 01:00:00+00:00,84137.64,84200.0,83630.48,83706.05,0.81962,0.5
BTCUSDT,2026-09-28 02:00:00+00:00,83666.78,83779.94,83413.43,83430.84,0.80277,0.5
BTCUSDT,2026-09-28 03:00:00+00:00,83438.38,83522.41,83225.53,83338.61,2.47727,0.5
BTCUSDT,2026-09-28 04:00:00+00:00,83347.66,83515.76,83250.67,83511.42,0.37678,0.5
BTCUSDT,2026-09-28 05:00:00+00:00,83530.53,83530.53,82718.1,83172.2,0.94471,0.5
BTCUSDT,2026-09-28 06:00:00+00:00,83153.76,83272.11,83079.15,83146.41,0.30341,0.5
BTCUSDT,2026-09-28 07:00:00+00:00,83208.25,83276.47,82946.49,83088.43,0.47266,0.5
BTCUSDT,2026-09-28 08:00:00+00:00,82950.07,83158.29,82844.42,82971.33,2.24406,0.5
BTCUSDT,2026-09-28 09:00:00+00:00,82953.12,82998.67,82624.82,82636.01,2.94756,0.5
BTCUSDT,2026-09-28 10:00:00+00:00,82736.42,83044.46,82690.86,82986.0,0.28203,0.5
BTCUSDT,2026-09-28 11:00:00+00:00,82979.68,83108.7,82979.68,83091.89,0.70645,0.5
BTCUSDT,2026-09-28 12:00:00+00:00,83056.63,83622.14,83036.38,83567.21,0.95813,0.5
BTCUSDT,2026-09-28 13:00:00+00:00,83543.49,83800.0,83315.46,83656.91,0.60704,0.5
BTCUSDT,2026-09-28 14:00:00+00:00,83600.83,83600.83,82608.36,83000.0,2.1092,0.5
BTCUSDT,2026-09-28 15:00:00+00:00,83015.52,83380.36,82804.5,83380.36,0.84681,0.5
BTCUSDT,2026-09-28 16:00:00+00:00,83344.26,84176.49,83278.24,83694.97,2.74168,0.5
BTCUSDT,2026-09-28 17:00:00+00:00,83704.47,84350.0,83580.61,83883.08,0.52967,0.5
BTCUSDT,2026-09-28 18:00:00+00:00,83853.83,84042.17,83806.83,84042.17,0.73903,0.5
BTCUSDT,2026-09-28 19:00:00+00:00,84040.27,84040.27,83128.05,83411.0,0.55174,0.5
BTCUSDT,2026-09-28 20:00:00+00:00,83396.37,83600.0,83278.5,83546.99,1.29644,0.5
BTCUSDT,2026-09-28 21:00:00+00:00,83602.9,83664.3,83244.7,83248.25,0.12252,0.5
BTCUSDT,2026-09-28 22:00:00+00:00,83200.25,83504.45,83106.89,83504.45,0.17298,0.5
BTCUSDT,2026-09-28 23:00:00+00:00,83543.07,83627.34,83454.77,83528.39,0.25651,0.5
BTCUSDT,2026-09-29 00:00:00+00:00,83504.0,83620.26,83184.88,83211.18,1.02575,0.5
BTCUSDT,2026-09-29 01:00:00+00:00,83167.75,83238.28,82800.0,83092.66,5.17582,0.5
BTCUSDT,2026-09-29 02:00:00+00:00,83065.36,83102.24,82917.73,82966.55,0.72661,0.5
BTCUSDT,2026-09-29 03:00:00+00:00,83029.46,83200.48,82891.9,83113.94,0.7717,0.5
BTCUSDT,2026-09-29 04:00:00+00:00,83066.91,83232.0,83037.72,83202.43,0.24097,0.5
BTCUSDT,2026-09-29 05:00:00+00:00,83258.24,83419.99,82999.76,83419.99,0.38669,0.5
BTCUSDT,2026-09-29 06:00:00+00:00,83420.0,84000.13,83420.0,84000.13,0.56374,0.5
BTCUSDT,2026-09-29 07:00:00+00:00,84006.82,84191.29,83884.34,84054.02,0.54542,0.5
BTCUSDT,2026-09-29 08:00:00+00:00,84005.89,84354.77,83800.25,83878.93,0.3262,0.5
BTCUSDT,2026-09-29 09:00:00+00:00,83834.21,84281.72,83771.47,84272.03,1.62936,0.5
BTCUSDT,2026-09-29 10:00:00+00:00,84242.86,84293.11,83992.29,84055.23,0.27689,0.5
BTCUSDT,2026-09-29 11:00:00+00:00,84031.67,84493.36,83961.91,84390.67,0.64106,0.5
BTCUSDT,2026-09-29 12:00:00+00:00,84321.64,84473.19,84153.74,84375.53,0.50294,0.5
BTCUSDT,2026-09-29 13:00:00+00:00,84354.25,84551.09,84053.75,84214.53,0.56329,0.5
BTCUSDT,2026-09-29 14:00:00+00:00,84246.19,84273.1,83696.72,83785.14,0.7556,0.5
BTCUSDT,2026-09-29 15:00:00+00:00,83753.38,83753.38,82916.66,82996.37,6.89268,0.5
BTCUSDT,2026-09-29 16:00:00+00:00,83114.09,83270.67,82965.33,83012.24,0.31141,0.5
BTCUSDT,2026-09-29 17:00:00+00:00,83064.9,83214.62,83000.0,83000.0,0.23903,0.5
BTCUSDT,2026-09-29 18:00:00+00:00,83267.12,83685.03,83244.41,83637.67,1.02077,0.5
BTCUSDT,2026-09-29 19:00:00+00:00,83619.56,83698.79,83415.04,83590.03,2.66722,0.5
BTCUSDT,2026-09-29 20:00:00+00:00,83520.37,83657.68,83508.26,83619.83,0.25062,0.5
BTCUSDT,2026-09-29 21:00:00+00:00,83618.19,83618.19,83382.83,83499.71,0.35911,0.5
BTCUSDT,2026-09-29 22:00:00+00:00,83496.83,83719.08,83496.83,83619.5,1.01513,0.5
BTCUSDT,2026-09-29 23:00:00+00:00,83619.5,83845.77,83619.5,83663.45,1.00476,0.5
BTCUSDT,2026-09-30 00:00:00+00:00,83689.6,83720.64,83366.96,83456.52,1.16763,0.5
BTCUSDT,2026-09-30 01:00:00+00:00,83437.74,83519.85,83346.48,83434.91,0.23632,0.5
BTCUSDT,2026-09-30 02:00:00+00:00,83474.61,83613.39,83298.92,83368.48,0.3438,0.5
BTCUSDT,2026-09-30 03:00:00+00:00,83409.14,83409.14,83185.81,83286.26,0.44698,0.5
BTCUSDT,2026-09-30 04:00:00+00:00,83300.78,83432.44,83222.13,83222.13,0.27056,0.5
BTCUSDT,2026-09-30 05:00:00+00:00,83268.47,83521.73,83233.02,83424.89,0.52621,0.5
BTCUSDT,2026-09-30 06:00:00+00:00,83369.62,83419.96,83000.0,83055.64,10.8362,0.5
BTCUSDT,2026-09-30 07:00:00+00:00,83038.42,83455.19,82963.18,83300.23,1.389,0.5
BTCUSDT,2026-09-30 08:00:00+00:00,83305.18,83344.73,83023.95,83077.5,1.28199,0.5
BTCUSDT,2026-09-30 09:00:00+00:00,83077.5,83800.0,83077.5,83646.27,1.44732,0.5
BTCUSDT,2026-09-30 10:00:00+00:00,83682.25,83954.14,83681.81,83918.35,2.57489,0.5
BTCUSDT,2026-09-30 11:00:00+00:00,83894.53,83981.36,83709.59,83856.72,3.39218,0.5
BTCUSDT,2026-09-30 12:00:00+00:00,83904.45,85499.99,83768.19,85334.99,9.60678,0.5
BTCUSDT,2026-09-30 13:00:00+00:00,85290.26,85635.8,84028.55,84590.27,8.28233,0.5
BTCUSDT,2026-09-30 14:00:00+00:00,84636.95,84636.95,83384.7,83875.86,6.82779,0.5
BTCUSDT,2026-09-30 15:00:00+00:00,83790.02,84280.26,83707.86,84144.71,0.77271,0.5
BTCUSDT,2026-09-30 16:00:00+00:00,84139.25,84466.09,84139.25,84329.92,0.22164,0.5
BTCUSDT,2026-09-30 17:00:00+00:00,84331.04,84420.26,83923.46,84045.68,4.66409,0.5
BTCUSDT,2026-09-30 18:00:00+00:00,84070.21,84070.21,83801.0,83935.74,0.73307,0.5
BTCUSDT,2026-09-30 19:00:00+00:00,83885.95,83923.78,83519.83,83632.15,3.07868,0.5
BTCUSDT,2026-09-30 20:00:00+00:00,83622.29,83758.4,83530.34,83668.33,4.84852,0.5
BTCUSDT,2026-09-30 21:00:00+00:00,83684.25,83820.18,83684.25,83740.63,1.19104,0.5
BTCUSDT,2026-09-30 22:00:00+00:00,83775.69,83847.81,83596.4,83709.43,0.25942,0.5
BTCUSDT,2026-09-30 23:00:00+00:00,83712.82,83836.41,83536.27,83586.37,2.731,0.5
BTCUSDT,2026-10-01 00:00:00+00:00,83623.34,83654.16,83449.74,83532.83,0.27831,0.5
BTCUSDT,2026-10-01 01:00:00+00:00,83510.92,83670.84,83500.27,83523.38,0.51801,0.5
BTCUSDT,2026-10-01 02:00:00+00:00,83523.64,83668.26,83410.14,83504.69,0.78325,0.5
BTCUSDT,2026-10-01 03:00:00+00:00,83491.78,83748.5,83428.75,83738.88,0.24275,0.5
BTCUSDT,2026-10-01 04:00:00+00:00,83772.22,84200.0,83744.15,84050.77,2.37601,0.5
BTCUSDT,2026-10-01 05:00:00+00:00,84049.53,84370.49,84041.34,84284.55,2.69344,0.5
BTCUSDT,2026-10-01 06:00:00+00:00,84295.14,84410.95,84121.88,84150.61,0.35047,0.5
BTCUSDT,2026-10-01 07:00:00+00:00,84130.01,84199.99,83336.95,83447.55,9.73496,0.5
BTCUSDT,2026-10-01 08:00:00+00:00,83449.97,83550.0,83193.2,83550.0,5.55886,0.5
BTCUSDT,2026-10-01 09:00:00+00:00,83550.0,83880.07,83550.0,83838.25,0.44303,0.5
BTCUSDT,2026-10-01 10:00:00+00:00,83744.27,84098.2,83433.0,83957.31,0.20137,0.5
BTCUSDT,2026-10-01 11:00:00+00:00,83971.21,84005.5,83787.79,83933.05,0.37265,0.5
BTCUSDT,2026-10-01 12:00:00+00:00,83906.58,84054.27,83693.95,83740.26,0.49172,0.5
BTCUSDT,2026-10-01 13:00:00+00:00,83739.53,84000.0,83457.0,83895.77,1.99833,0.5
BTCUSDT,2026-10-01 14:00:00+00:00,83853.75,84315.92,83557.84,84025.66,1.18552,0.5
BTCUSDT,2026-10-01 15:00:00+00:00,84041.74,84470.94,83850.2,84148.37,2.79103,0.5
BTCUSDT,2026-10-01 16:00:00+00:00,84167.95,84616.5,84079.0,84192.32,5.52926,0.5
BTCUSDT,2026-10-01 17:00:00+00:00,84200.67,85048.48,84200.67,84855.54,4.08924,0.5
BTCUSDT,2026-10-01 18:00:00+00:00,84880.31,85263.2,84697.0,84804.29,4.17982,0.5
BTCUSDT,2026-10-01 19:00:00+00:00,84799.88,84892.56,84594.72,84665.61,0.20804,0.5
BTCUSDT,2026-10-01 20:00:00+00:00,84675.6,84856.07,84572.27,84636.89,0.71307,0.5
BTCUSDT,2026-10-01 21:00:00+00:00,84634.5,84682.64,84506.01,84546.83,0.47287,0.5
BTCUSDT,2026-10-01 22:00:00+00:00,84579.1,84785.51,84579.1,84749.5,1.27187,0.5
BTCUSDT,2026-10-01 23:00:00+00:00,84749.49,84888.0,84625.73,84888.0,1.13596,0.5
BTCUSDT,2026-10-02 00:00:00+00:00,84880.18,84938.16,84709.25,84791.69,1.75032,0.5
BTCUSDT,2026-10-02 01:00:00+00:00,84751.36,84967.05,84522.8,84928.14,0.99647,0.5
BTCUSDT,2026-10-02 02:00:00+00:00,84928.14,85189.72,84870.2,85187.63,0.77002,0.5
BTCUSDT,2026-10-02 03:00:00+00:00,85193.85,85548.3,85193.85,85523.22,5.43485,0.5
BTCUSDT,2026-10-02 04:00:00+00:00,85548.29,86891.68,85453.35,86655.62,10.89016,0.5
BTCUSDT,2026-10-02 05:00:00+00:00,86655.62,86669.27,85893.7,85998.26,6.91821,0.5
BTCUSDT,2026-10-02 06:00:00+00:00,86017.02,86092.31,85887.17,86023.73,0.28466,0.5
BTCUSDT,2026-10-02 07:00:00+00:00,85979.64,86088.93,85769.07,86078.28,0.30322,0.5
BTCUSDT,2026-10-02 08:00:00+00:00,86089.26,86627.16,86089.26,86288.11,1.33568,0.5
BTCUSDT,2026-10-02 09:00:00+00:00,86212.26,86400.58,86140.26,86356.01,2.74464,0.5
BTCUSDT,2026-10-02 10:00:00+00:00,86363.61,86499.69,86183.58,86395.61,1.22189,0.5
BTCUSDT,2026-10-02 11:00:00+00:00,86300.95,86560.01,86278.42,86442.61,0.36319,0.5
BTCUSDT,2026-10-02 12:00:00+00:00,86415.74,87200.6,86316.28,86831.67,5.14642,0.5
BTCUSDT,2026-10-02 13:00:00+00:00,86800.21,87129.58,86470.16,86571.75,4.87305,0.5
BTCUSDT,2026-10-02 14:00:00+00:00,86530.03,86830.26,85406.57,85678.38,9.24434,0.5
BTCUSDT,2026-10-02 15:00:00+00:00,85710.2,85734.85,85168.1,85294.24,7.85869,0.5
BTCUSDT,2026-10-02 16:00:00+00:00,85320.51,85502.61,85072.91,85164.38,0.87884,0.5
BTCUSDT,2026-10-02 17:00:00+00:00,85154.0,85251.59,84523.44,84808.93,3.75919,0.5
BTCUSDT,2026-10-02 18:00:00+00:00,84768.26,84867.75,83906.34,84247.65,14.03851,0.5
BTCUSDT,2026-10-02 19:00:00+00:00,84259.12,84340.72,83975.84,84340.67,0.50917,0.5
BTCUSDT,2026-10-02 20:00:00+00:00,84327.09,84524.25,84240.31,84480.0,0.8416,0.5
BTCUSDT,2026-10-02 21:00:00+00:00,84452.26,84544.86,84429.65,84524.33,0.27094,0.5
BTCUSDT,2026-10-02 22:00:00+00:00,84549.74,84566.94,84460.26,84551.75,1.12354,0.5
BTCUSDT,2026-10-02 23:00:00+00:00,84558.61,84586.48,84480.0,84515.77,0.83062,0.5
BTCUSDT,2026-10-03 00:00:00+00:00,84520.85,84686.91,84458.72,84676.17,0.74895,0.5
BTCUSDT,2026-10-03 01:00:00+00:00,84676.17,84720.83,84610.11,84640.28,4.1419,0.5
BTCUSDT,2026-10-03 02:00:00+00:00,84640.29,84672.99,84609.86,84616.24,2.44872,0.5
BTCUSDT,2026-10-03 03:00:00+00:00,84616.24,84698.47,84532.19,84698.47,1.49896,0.5
BTCUSDT,2026-10-03 04:00:00+00:00,84698.7,84704.56,84524.69,84587.69,0.39008,0.5
BTCUSDT,2026-10-03 05:00:00+00:00,84557.8,84659.0,84557.8,84652.57,0.16781,0.5
BTCUSDT,2026-10-03 06:00:00+00:00,84652.01,84659.0,84550.28,84585.19,0.32792,0.5
BTCUSDT,2026-10-03 07:00:00+00:00,84586.51,84648.65,84564.8,84564.84,0.15841,0.5
BTCUSDT,2026-10-03 08:00:00+00:00,84561.18,84659.0,84561.18,84644.23,1.50684,0.5
BTCUSDT,2026-10-03 09:00:00+00:00,84626.26,84659.0,84580.26,84580.26,0.11284,0.5
BTCUSDT,2026-10-03 10:00:00+00:00,84609.59,84646.25,84582.48,84646.25,0.10749,0.5
BTCUSDT,2026-10-03 11:00:00+00:00,84629.33,84695.75,84629.33,84671.74,3.31885,0.5
BTCUSDT,2026-10-03 12:00:00+00:00,84680.52,84926.72,84677.8,84918.76,0.8337,0.5
BTCUSDT,2026-10-03 13:00:00+00:00,84896.48,84964.09,84785.54,84877.77,0.54406,0.5
BTCUSDT,2026-10-03 14:00:00+00:00,84858.5,84858.51,84757.93,84843.46,0.21315,0.5
BTCUSDT,2026-10-03 15:00:00+00:00,84847.44,84857.67,84784.59,84846.18,0.89874,0.5
BTCUSDT,2026-10-03 16:00:00+00:00,84846.18,84870.25,84787.57,84858.07,0.91127,0.5
BTCUSDT,2026-10-03 17:00:00+00:00,84868.14,85011.66,84855.94,85011.41,0.46159,0.5
BTCUSDT,2026-10-03 18:00:00+00:00,85005.02,85030.43,84920.25,84949.42,0.6117,0.5
BTCUSDT,2026-10-03 19:00:00+00:00,84916.83,84916.83,84724.6,84842.71,0.09107,0.5
BTCUSDT,2026-10-03 20:00:00+00:00,84848.22,84915.41,84732.67,84746.21,0.73318,0.5
BTCUSDT,2026-10-03 21:00:00+00:00,84749.25,84749.25,84600.0,84702.75,0.81871,0.5
BTCUSDT,2026-10-03 22:00:00+00:00,84716.1,84821.48,84716.1,84769.38,0.32002,0.5
BTCUSDT,2026-10-03 23:00:00+00:00,84781.85,84815.55,84735.04,84766.31,0.59074,0.5
BTCUSDT,2026-10-04 00:00:00+00:00,84753.83,84870.83,84753.33,84781.51,0.20335,0.5
BTCUSDT,2026-10-04 01:00:00+00:00,84798.58,84822.72,84719.86,84802.85,0.12851,0.5
BTCUSDT,2026-10-04 02:00:00+00:00,84802.87,84859.43,84783.07,84783.11,0.10474,0.5
BTCUSDT,2026-10-04 03:00:00+00:00,84802.42,84871.72,84793.78,84848.28,0.34798,0.5
BTCUSDT,2026-10-04 04:00:00+00:00,84850.7,84850.7,84813.27,84825.29,0.05321,0.5
BTCUSDT,2026-10-04 05:00:00+00:00,84821.13,84915.75,84821.13,84909.86,0.15212,0.5
BTCUSDT,2026-10-04 06:00:00+00:00,84911.75,85072.28,84892.75,85060.14,1.90022,0.5
BTCUSDT,2026-10-04 07:00:00+00:00,85060.15,85104.53,84926.45,85092.97,4.23896,0.5
BTCUSDT,2026-10-04 08:00:00+00:00,85124.54,85170.28,85096.27,85099.97,1.0249,0.5
BTCUSDT,2026-10-04 09:00:00+00:00,85106.73,85311.0,85067.15,85266.38,0.40275,0.5
BTCUSDT,2026-10-04 10:00:00+00:00,85258.93,85420.74,85233.02,85320.82,2.14671,0.5
BTCUSDT,2026-10-04 11:00:00+00:00,85246.97,85316.17,85226.01,85302.69,1.09129,0.5
BTCUSDT,2026-10-04 12:00:00+00:00,85312.08,85370.11,85106.05,85134.27,0.97709,0.5
BTCUSDT,2026-10-04 13:00:00+00:00,85128.2,85307.1,85122.9,85240.95,0.77369,0.5
BTCUSDT,2026-10-04 14:00:00+00:00,85233.77,85279.88,85100.62,85271.71,0.53515,0.5
BTCUSDT,2026-10-04 15:00:00+00:00,85271.71,85469.45,85262.3,85281.0,1.93543,0.5
BTCUSDT,2026-10-04 16:00:00+00:00,85255.64,85432.24,85183.54,85378.06,0.94494,0.5
BTCUSDT,2026-10-04 17:00:00+00:00,85373.65,85439.66,85318.1,85319.77,0.32041,0.5
BTCUSDT,2026-10-04 18:00:00+00:00,85319.26,85359.0,85319.26,85354.25,0.54009,0.5
BTCUSDT,2026-10-04 19:00:00+00:00,85338.57,85562.75,85338.47,85428.22,0.92985,0.5
BTCUSDT,2026-10-04 20:00:00+00:00,85424.13,85861.02,85396.06,85815.22,0.82423,0.5
BTCUSDT,2026-10-04 21:00:00+00:00,85851.92,86052.68,85791.29,85885.81,1.16857,0.5
BTCUSDT,2026-10-04 22:00:00+00:00,86028.11,86666.0,85997.14,86398.84,3.60429,0.5
BTCUSDT,2026-10-04 23:00:00+00:00,86419.74,86763.0,86399.42,86489.07,3.64009,0.5
BTCUSDT,2026-10-05 00:00:00+00:00,86529.74,86700.0,86231.17,86652.11,1.14392,0.5
BTCUSDT,2026-10-05 01:00:00+00:00,86603.64,86992.16,86477.79,86615.1,5.99648,0.5
BTCUSDT,2026-10-05 02:00:00+00:00,86620.28,86735.03,86413.35,86501.63,6.00261,0.5
BTCUSDT,2026-10-05 03:00:00+00:00,86523.72,86526.72,86033.33,86111.91,5.29574,0.5
BTCUSDT,2026-10-05 04:00:00+00:00,86090.02,86161.8,85485.49,85528.12,8.37594,0.5
BTCUSDT,2026-10-05 05:00:00+00:00,85528.38,85770.98,85436.67,85759.99,5.12735,0.5
BTCUSDT,2026-10-05 06:00:00+00:00,85800.0,86322.56,85800.0,86232.27,6.65855,0.5
BTCUSDT,2026-10-05 07:00:00+00:00,86219.03,86471.84,86160.0,86227.74,0.94983,0.5
BTCUSDT,2026-10-05 08:00:00+00:00,86263.28,86474.52,86113.13,86218.36,0.37691,0.5
BTCUSDT,2026-10-05 09:00:00+00:00,86142.27,86142.27,85800.0,86000.0,3.41184,0.5
BTCUSDT,2026-10-05 10:00:00+00:00,86034.03,86170.33,85988.05,86170.33,1.03701,0.5
BTCUSDT,2026-10-05 11:00:00+00:00,86106.39,86250.0,85935.39,86228.04,0.44421,0.5
BTCUSDT,2026-10-05 12:00:00+00:00,86194.95,86200.0,85854.55,85918.27,1.15452,0.5
BTCUSDT,2026-10-05 13:00:00+00:00,85976.75,86470.61,85827.53,86459.66,3.04429,0.5
BTCUSDT,2026-10-05 14:00:00+00:00,86431.74,86701.74,85477.15,85625.99,1.79449,0.5
BTCUSDT,2026-10-05 15:00:00+00:00,85667.76,85667.76,85198.44,85263.74,0.75968,0.5
BTCUSDT,2026-10-05 16:00:00+00:00,85259.35,85325.36,85000.51,85297.53,6.59923,0.5
BTCUSDT,2026-10-05 17:00:00+00:00,85284.29,85433.26,85210.54,85433.26,0.25608,0.5
BTCUSDT,2026-10-05 18:00:00+00:00,85433.28,85649.42,85358.07,85649.41,0.40743,0.5
BTCUSDT,2026-10-05 19:00:00+00:00,85638.7,85795.05,85557.84,85714.48,0.5411,0.5
BTCUSDT,2026-10-05 20:00:00+00:00,85734.95,85846.39,85664.23,85798.3,0.28794,0.5
BTCUSDT,2026-10-05 21:00:00+00:00,85775.75,85984.14,85723.86,85966.15,0.44713,0.5
BTCUSDT,2026-10-05 22:00:00+00:00,85956.03,86026.42,85880.18,85926.09,0.90677,0.5
BTCUSDT,2026-10-05 23:00:00+00:00,85935.23,86059.19,85736.27,85800.56,0.23612,0.5
BTCUSDT,2026-10-06 00:00:00+00:00,85768.67,85906.24,85768.67,85897.82,0.5617,0.5
BTCUSDT,2026-10-06 01:00:00+00:00,85920.73,86130.3,85604.3,85649.08,1.0851,0.5
BTCUSDT,2026-10-06 02:00:00+00:00,85649.0,85747.82,85484.14,85517.26,5.26803,0.5
BTCUSDT,2026-10-06 03:00:00+00:00,85534.61,85586.27,85329.14,85510.52,0.19629,0.5
BTCUSDT,2026-10-06 04:00:00+00:00,85536.27,85656.51,85536.27,85626.25,0.25592,0.5
BTCUSDT,2026-10-06 05:00:00+00:00,85626.25,85750.03,85521.29,85524.17,0.10123,0.5
BTCUSDT,2026-10-06 06:00:00+00:00,85523.06,85523.06,85150.31,85327.31,0.15036,0.5
BTCUSDT,2026-10-06 07:00:00+00:00,85316.08,85643.81,85288.88,85588.03,1.18598,0.5
BTCUSDT,2026-10-06 08:00:00+00:00,85588.03,86046.53,85567.06,86044.45,1.6185,0.5
BTCUSDT,2026-10-06 09:00:00+00:00,86027.33,86200.0,85705.19,86058.65,0.72171,0.5
BTCUSDT,2026-10-06 10:00:00+00:00,86000.0,86255.08,85974.26,86130.27,0.71167,0.5
BTCUSDT,2026-10-06 11:00:00+00:00,86174.77,86371.47,86080.65,86241.73,4.8647,0.5
BTCUSDT,2026-10-06 12:00:00+00:00,86256.14,86398.22,86129.66,86221.74,1.29567,0.5
BTCUSDT,2026-10-06 13:00:00+00:00,86196.26,86481.95,85988.81,86298.26,0.51022,0.5
BTCUSDT,2026-10-06 14:00:00+00:00,86290.25,86614.43,85994.07,86614.18,0.70793,0.5
BTCUSDT,2026-10-06 15:00:00+00:00,86614.44,86677.31,85740.45,85745.04,3.88523,0.5
BTCUSDT,2026-10-06 16:00:00+00:00,85738.48,85849.83,85591.49,85602.04,0.44277,0.5
BTCUSDT,2026-10-06 17:00:00+00:00,85616.24,85750.92,85490.26,85702.18,0.51922,0.5
BTCUSDT,2026-10-06 18:00:00+00:00,85754.27,85800.51,85537.33,85537.33,0.51521,0.5
BTCUSDT,2026-10-06 19:00:00+00:00,85530.48,85580.98,85421.75,85517.0,2.80693,0.5
ETHUSDT,2026-08-31 13:00:00+00:00,2447.05,2457.91,2441.13,2441.13,4.8756,1.0
ETHUSDT,2026-08-31 14:00:00+00:00,2441.67,2474.22,2441.33,2467.9,11.0219,1.0
ETHUSDT,2026-08-31 15:00:00+00:00,2469.1,2477.02,2460.68,2468.09,11.418,1.0
ETHUSDT,2026-08-31 16:00:00+00:00,2467.73,2476.27,2464.23,2476.27,5.5882,1.0
ETHUSDT,2026-08-31 17:00:00+00:00,2469.78,2476.47,2462.31,2476.36,37.9317,1.0
ETHUSDT,2026-08-31 18:00:00+00:00,2471.6,2488.36,2470.01,2477.78,16.0943,1.0
ETHUSDT,2026-08-31 19:00:00+00:00,2481.44,2489.44,2480.66,2484.93,14.9133,1.0
ETHUSDT,2026-08-31 20:00:00+00:00,2482.0,2486.11,2470.58,2472.45,15.4667,1.0
ETHUSDT,2026-08-31 21:00:00+00:00,2472.79,2481.76,2467.97,2479.3,12.8478,1.0
ETHUSDT,2026-08-31 22:00:00+00:00,2480.53,2480.53,2468.53,2469.65,5.0092,1.0
ETHUSDT,2026-08-31 23:00:00+00:00,2468.0,2468.05,2463.46,2466.66,2.8425,1.0
ETHUSDT,2026-09-01 00:00:00+00:00,2465.55,2476.71,2465.55,2471.35,23.6368,1.0
ETHUSDT,2026-09-01 01:00:00+00:00,2472.97,2476.28,2458.82,2463.12,17.3093,1.0
ETHUSDT,2026-09-01 02:00:00+00:00,2460.09,2463.89,2455.29,2463.89,12.3546,1.0
ETHUSDT,2026-09-01 03:00:00+00:00,2464.97,2481.79,2463.39,2471.89,12.1704,1.0
ETHUSDT,2026-09-01 04:00:00+00:00,2473.85,2476.19,2468.89,2469.3,12.9918,1.0
ETHUSDT,2026-09-01 05:00:00+00:00,2469.9,2485.54,2469.17,2483.68,13.5128,1.0
ETHUSDT,2026-09-01 06:00:00+00:00,2482.67,2483.1,2473.29,2473.29,7.8159,1.0
ETHUSDT,2026-09-01 07:00:00+00:00,2471.58,2477.2,2467.12,2473.57,14.4488,1.0
ETHUSDT,2026-09-01 08:00:00+00:00,2472.64,2472.64,2445.5,2448.32,15.0943,1.0
ETHUSDT,2026-09-01 09:00:00+00:00,2447.21,2454.04,2444.21,2452.91,5.9733,1.0
ETHUSDT,2026-09-01 10:00:00+00:00,2452.08,2463.06,2449.22,2457.57,6.9727,1.0
ETHUSDT,2026-09-01 11:00:00+00:00,2456.73,2464.11,2453.33,2459.15,7.112,1.0
ETHUSDT,2026-09-01 12:00:00+00:00,2458.67,2459.02,2438.44,2447.47,26.3589,1.0
ETHUSDT,2026-09-01 13:00:00+00:00,2446.3,2449.45,2429.31,2442.13,51.8747,1.0
ETHUSDT,2026-09-01 14:00:00+00:00,2444.44,2457.31,2443.75,2448.32,29.5289,1.0
ETHUSDT,2026-09-01 15:00:00+00:00,2448.78,2454.15,2435.58,2451.1,11.8324,1.0
ETHUSDT,2026-09-01 16:00:00+00:00,2447.01,2447.12,2421.17,2433.18,21.1551,1.0
ETHUSDT,2026-09-01 17:00:00+00:00,2432.34,2438.88,2418.01,2418.89,37.2514,1.0
ETHUSDT,2026-09-01 18:00:00+00:00,2418.34,2420.83,2383.76,2412.54,58.4319,1.0
ETHUSDT,2026-09-01 19:00:00+00:00,2412.79,2423.78,2412.55,2418.8,28.8227,1.0
ETHUSDT,2026-09-01 20:00:00+00:00,2418.99,2423.25,2413.13,2420.99,25.7163,1.0
ETHUSDT,2026-09-01 21:00:00+00:00,2421.16,2422.87,2401.67,2414.68,27.1536,1.0
ETHUSDT,2026-09-01 22:00:00+00:00,2414.08,2418.36,2406.51,2413.97,19.5243,1.0
ETHUSDT,2026-09-01 23:00:00+00:00,2412.51,2426.48,2411.43,2418.83,15.7432,1.0
ETHUSDT,2026-09-02 00:00:00+00:00,2418.84,2421.97,2406.32,2409.1,16.3059,1.0
ETHUSDT,2026-09-02 01:00:00+00:00,2408.17,2414.75,2386.92,2398.71,52.4274,1.0
ETHUSDT,2026-09-02 02:00:00+00:00,2399.01,2409.93,2395.15,2408.52,16.7426,1.0
ETHUSDT,2026-09-02 03:00:00+00:00,2408.6,2424.2,2408.6,2413.43,14.6421,1.0
ETHUSDT,2026-09-02 04:00:00+00:00,2413.57,2415.93,2406.57,2415.2,13.1487,1.0
ETHUSDT,2026-09-02 05:00:00+00:00,2415.22,2424.07,2410.82,2422.34,37.0104,1.0
ETHUSDT,2026-09-02 06:00:00+00:00,2424.56,2424.64,2415.51,2418.2,10.3132,1.0
ETHUSDT,2026-09-02 07:00:00+00:00,2423.79,2428.0,2419.75,2420.92,9.4151,1.0
ETHUSDT,2026-09-02 08:00:00+00:00,2416.63,2418.39,2391.12,2393.59,9.1808,1.0
ETHUSDT,2026-09-02 09:00:00+00:00,2393.27,2399.5,2367.41,2376.57,60.4882,1.0
ETHUSDT,2026-09-02 10:00:00+00:00,2376.28,2376.28,2357.32,2372.78,29.0322,1.0
ETHUSDT,2026-09-02 11:00:00+00:00,2372.69,2381.86,2368.49,2381.86,15.9364,1.0
ETHUSDT,2026-09-02 12:00:00+00:00,2381.79,2389.37,2377.5,2377.5,10.0688,1.0
ETHUSDT,2026-09-02 13:00:00+00:00,2378.67,2419.18,2378.67,2399.19,48.8997,1.0
ETHUSDT,2026-09-02 14:00:00+00:00,2401.84,2410.65,2394.17,2397.3,29.2242,1.0
ETHUSDT,2026-09-02 15:00:00+00:00,2391.4,2398.53,2379.83,2389.88,31.678,1.0
ETHUSDT,2026-09-02 16:00:00+00:00,2388.02,2403.36,2384.98,2386.82,17.3798,1.0
ETHUSDT,2026-09-02 17:00:00+00:00,2388.19,2394.22,2372.96,2393.33,19.1109,1.0
ETHUSDT,2026-09-02 18:00:00+00:00,2393.41,2399.24,2390.76,2394.95,14.8473,1.0
ETHUSDT,2026-09-02 19:00:00+00:00,2393.99,2396.39,2384.11,2392.35,13.9759,1.0
ETHUSDT,2026-09-02 20:00:00+00:00,2391.67,2398.46,2386.66,2394.71,18.617,1.0
ETHUSDT,2026-09-02 21:00:00+00:00,2393.59,2394.23,2390.4,2391.64,5.5556,1.0
ETHUSDT,2026-09-02 22:00:00+00:00,2389.01,2389.01,2379.22,2379.68,13.6974,1.0
ETHUSDT,2026-09-02 23:00:00+00:00,2379.2,2391.23,2379.09,2391.23,5.9107,1.0
ETHUSDT,2026-09-03 00:00:00+00:00,2391.29,2395.26,2379.2,2381.3,10.5167,1.0
ETHUSDT,2026-09-03 01:00:00+00:00,2379.47,2393.85,2371.42,2388.54,33.6524,1.0
ETHUSDT,2026-09-03 02:00:00+00:00,2385.29,2409.76,2382.93,2405.87,13.0227,1.0
ETHUSDT,2026-09-03 03:00:00+00:00,2404.04,2410.62,2401.12,2402.6,10.9718,1.0
ETHUSDT,2026-09-03 04:00:00+00:00,2403.68,2408.14,2397.12,2407.83,13.035,1.0
ETHUSDT,2026-09-03 05:00:00+00:00,2409.86,2409.86,2381.37,2404.95,14.3434,1.0
ETHUSDT,2026-09-03 06:00:00+00:00,2406.23,2409.64,2400.95,2407.27,16.8311,1.0
ETHUSDT,2026-09-03 07:00:00+00:00,2409.41,2418.47,2396.27,2397.72,30.1803,1.0
ETHUSDT,2026-09-03 08:00:00+00:00,2398.9,2410.43,2398.9,2404.9,3.6946,1.0
ETHUSDT,2026-09-03 09:00:00+00:00,2403.38,2406.98,2394.0,2394.0,12.5744,1.0
ETHUSDT,2026-09-03 10:00:00+00:00,2392.39,2397.81,2390.76,2396.77,4.32,1.0
ETHUSDT,2026-09-03 11:00:00+00:00,2396.97,2410.42,2396.37,2407.99,11.348,1.0
ETHUSDT,2026-09-03 12:00:00+00:00,2406.44,2426.66,2405.71,2425.34,13.175,1.0
ETHUSDT,2026-09-03 13:00:00+00:00,2424.13,2435.43,2417.03,2429.45,12.6273,1.0
ETHUSDT,2026-09-03 14:00:00+00:00,2429.76,2489.55,2428.06,2489.01,51.8858,1.0
ETHUSDT,2026-09-03 15:00:00+00:00,2488.94,2516.75,2480.96,2516.3,93.5158,1.0
ETHUSDT,2026-09-03 16:00:00+00:00,2516.99,2518.54,2489.04,2494.62,22.1497,1.0
ETHUSDT,2026-09-03 17:00:00+00:00,2493.54,2505.4,2491.76,2503.16,8.8435,1.0
ETHUSDT,2026-09-03 18:00:00+00:00,2501.12,2513.61,2499.1,2513.61,12.6523,1.0
ETHUSDT,2026-09-03 19:00:00+00:00,2512.84,2528.37,2507.69,2516.93,582.4582,1.0
ETHUSDT,2026-09-03 20:00:00+00:00,2516.59,2517.89,2503.36,2504.68,15.5549,1.0
ETHUSDT,2026-09-03 21:00:00+00:00,2504.83,2525.0,2500.84,2512.45,81.9043,1.0
ETHUSDT,2026-09-03 22:00:00+00:00,2512.4,2512.4,2492.18,2498.46,20.8029,1.0
ETHUSDT,2026-09-03 23:00:00+00:00,2496.21,2508.57,2495.9,2506.61,15.363,1.0
ETHUSDT,2026-09-04 00:00:00+00:00,2506.17,2515.13,2501.59,2501.59,36.5348,1.0
ETHUSDT,2026-09-04 01:00:00+00:00,2502.61,2509.78,2498.85,2507.0,10.2104,1.0
ETHUSDT,2026-09-04 02:00:00+00:00,2504.86,2506.06,2498.8,2506.06,5.1357,1.0
ETHUSDT,2026-09-04 03:00:00+00:00,2509.27,2517.21,2505.36,2505.38,13.0712,1.0
ETHUSDT,2026-09-04 04:00:00+00:00,2504.77,2524.14,2502.32,2509.39,29.3562,1.0
ETHUSDT,2026-09-04 05:00:00+00:00,2508.25,2516.02,2504.32,2509.37,28.7196,1.0
ETHUSDT,2026-09-04 06:00:00+00:00,2508.34,2518.89,2501.59,2506.65,12.0529,1.0
ETHUSDT,2026-09-04 07:00:00+00:00,2509.0,2515.71,2504.0,2504.3,11.5966,1.0
ETHUSDT,2026-09-04 08:00:00+00:00,2505.65,2532.35,2503.62,2526.7,56.1004,1.0
ETHUSDT,2026-09-04 09:00:00+00:00,2527.0,2546.46,2519.99,2521.88,26.5675,1.0
ETHUSDT,2026-09-04 10:00:00+00:00,2521.48,2528.36,2515.26,2526.0,5.5947,1.0
ETHUSDT,2026-09-04 11:00:00+00:00,2522.96,2526.66,2520.72,2525.55,8.3438,1.0
ETHUSDT,2026-09-04 12:00:00+00:00,2523.87,2530.31,2435.14,2451.22,165.9736,1.0
ETHUSDT,2026-09-04 13:00:00+00:00,2447.6,2463.02,2437.31,2455.42,29.2194,1.0
ETHUSDT,2026-09-04 14:00:00+00:00,2452.48,2457.17,2433.21,2441.74,65.9225,1.0
ETHUSDT,2026-09-04 15:00:00+00:00,2440.59,2457.74,2438.13,2452.09,8.7504,1.0
ETHUSDT,2026-09-04 16:00:00+00:00,2451.75,2462.74,2451.27,2460.44,7.7552,1.0
ETHUSDT,2026-09-04 17:00:00+00:00,2459.39,2459.39,2443.37,2445.97,9.4228,1.0
ETHUSDT,2026-09-04 18:00:00+00:00,2448.77,2451.36,2447.12,2450.23,2.2398,1.0
ETHUSDT,2026-09-04 19:00:00+00:00,2452.38,2457.63,2451.95,2456.23,14.4922,1.0
ETHUSDT,2026-09-04 20:00:00+00:00,2457.2,2458.23,2451.17,2451.33,4.0723,1.0
ETHUSDT,2026-09-04 21:00:00+00:00,2451.33,2457.02,2450.78,2452.0,8.9429,1.0
ETHUSDT,2026-09-04 22:00:00+00:00,2452.14,2453.9,2451.39,2451.39,1.5349,1.0
ETHUSDT,2026-09-04 23:00:00+00:00,2450.14,2455.89,2450.14,2455.89,0.987,1.0
ETHUSDT,2026-09-05 00:00:00+00:00,2455.87,2456.71,2451.82,2452.52,4.6608,1.0
ETHUSDT,2026-09-05 01:00:00+00:00,2452.54,2455.75,2451.54,2452.38,6.563,1.0
ETHUSDT,2026-09-05 02:00:00+00:00,2450.18,2452.91,2450.18,2451.62,0.8035,1.0
ETHUSDT,2026-09-05 03:00:00+00:00,2452.9,2454.89,2451.23,2452.68,2.9454,1.0
ETHUSDT,2026-09-05 04:00:00+00:00,2452.7,2452.71,2449.3,2450.32,3.3,1.0
ETHUSDT,2026-09-05 05:00:00+00:00,2448.57,2452.11,2444.75,2451.0,10.5487,1.0
ETHUSDT,2026-09-05 06:00:00+00:00,2451.0,2454.69,2450.96,2453.6,5.0397,1.0
ETHUSDT,2026-09-05 07:00:00+00:00,2454.22,2459.12,2453.38,2457.87,6.2619,1.0
ETHUSDT,2026-09-05 08:00:00+00:00,2457.56,2457.57,2454.05,2454.23,3.1576,1.0
ETHUSDT,2026-09-05 09:00:00+00:00,2457.48,2460.07,2457.48,2460.07,2.892,1.0
ETHUSDT,2026-09-05 10:00:00+00:00,2458.21,2458.21,2455.37,2455.42,4.1816,1.0
ETHUSDT,2026-09-05 11:00:00+00:00,2454.51,2455.92,2453.49,2454.5,0.6484,1.0
ETHUSDT,2026-09-05 12:00:00+00:00,2455.71,2460.93,2454.17,2459.86,13.4756,1.0
ETHUSDT,2026-09-05 13:00:00+00:00,2458.99,2461.07,2451.08,2453.83,5.0446,1.0
ETHUSDT,2026-09-05 14:00:00+00:00,2454.25,2458.54,2454.12,2458.54,5.9085,1.0
ETHUSDT,2026-09-05 15:00:00+00:00,2457.81,2459.8,2456.3,2459.71,9.2269,1.0
ETHUSDT,2026-09-05 16:00:00+00:00,2460.43,2473.84,2460.3,2471.64,20.5904,1.0
ETHUSDT,2026-09-05 17:00:00+00:00,2472.81,2482.93,2472.81,2479.19,14.9918,1.0
ETHUSDT,2026-09-05 18:00:00+00:00,2479.55,2481.14,2476.98,2479.0,10.3636,1.0
ETHUSDT,2026-09-05 19:00:00+00:00,2478.6,2482.15,2473.32,2476.51,5.1545,1.0
ETHUSDT,2026-09-05 20:00:00+00:00,2478.38,2483.16,2475.14,2477.73,18.2696,1.0
ETHUSDT,2026-09-05 21:00:00+00:00,2477.75,2493.94,2476.99,2488.77,35.8061,1.0
ETHUSDT,2026-09-05 22:00:00+00:00,2489.63,2489.63,2479.37,2481.3,9.7528,1.0
ETHUSDT,2026-09-05 23:00:00+00:00,2479.87,2483.57,2479.11,2479.88,10.0259,1.0
ETHUSDT,2026-09-06 00:00:00+00:00,2480.36,2492.45,2480.13,2489.91,17.7814,1.0
ETHUSDT,2026-09-06 01:00:00+00:00,2490.05,2507.18,2490.05,2503.66,49.517,1.0
ETHUSDT,2026-09-06 02:00:00+00:00,2506.96,2510.77,2500.56,2502.3,29.4322,1.0
ETHUSDT,2026-09-06 03:00:00+00:00,2502.89,2513.73,2500.72,2509.81,9.9856,1.0
ETHUSDT,2026-09-06 04:00:00+00:00,2508.58,2509.45,2498.83,2504.3,14.5248,1.0
ETHUSDT,2026-09-06 05:00:00+00:00,2503.19,2522.98,2501.84,2512.63,16.8037,1.0
ETHUSDT,2026-09-06 06:00:00+00:00,2513.11,2513.11,2504.54,2506.91,6.6615,1.0
ETHUSDT,2026-09-06 07:00:00+00:00,2505.37,2507.71,2483.54,2496.15,37.6519,1.0
ETHUSDT,2026-09-06 08:00:00+00:00,2495.82,2498.51,2492.24,2495.38,4.7228,1.0
ETHUSDT,2026-09-06 09:00:00+00:00,2494.32,2503.17,2494.32,2498.64,13.0124,1.0
ETHUSDT,2026-09-06 10:00:00+00:00,2499.7,2502.36,2498.45,2501.25,4.1435,1.0
ETHUSDT,2026-09-06 11:00:00+00:00,2500.96,2504.11,2499.72,2501.72,21.9363,1.0
ETHUSDT,2026-09-06 12:00:00+00:00,2501.84,2504.51,2497.77,2501.05,9.3634,1.0
ETHUSDT,2026-09-06 13:00:00+00:00,2500.61,2500.78,2487.07,2495.68,14.5338,1.0
ETHUSDT,2026-09-06 14:00:00+00:00,2494.69,2494.69,2463.97,2479.62,37.3478,1.0
ETHUSDT,2026-09-06 15:00:00+00:00,2477.27,2482.06,2470.76,2479.81,16.6227,1.0
ETHUSDT,2026-09-06 16:00:00+00:00,2479.78,2486.49,2475.44,2484.87,4.9572,1.0
ETHUSDT,2026-09-06 17:00:00+00:00,2483.69,2494.8,2482.49,2491.39,10.7735,1.0
ETHUSDT,2026-09-06 18:00:00+00:00,2493.7,2499.69,2493.7,2494.14,5.224,1.0
ETHUSDT,2026-09-06 19:00:00+00:00,2492.77,2492.77,2489.97,2489.97,4.1929,1.0
ETHUSDT,2026-09-06 20:00:00+00:00,2490.57,2498.3,2489.48,2498.28,3.6978,1.0
ETHUSDT,2026-09-06 21:00:00+00:00,2499.71,2514.89,2499.71,2507.0,21.644,1.0
ETHUSDT,2026-09-06 22:00:00+00:00,2505.51,2510.51,2490.35,2509.23,15.2324,1.0
ETHUSDT,2026-09-06 23:00:00+00:00,2509.7,2525.21,2509.7,2514.16,16.0925,1.0
ETHUSDT,2026-09-07 00:00:00+00:00,2512.06,2521.63,2509.77,2512.75,14.7018,1.0
ETHUSDT,2026-09-07 01:00:00+00:00,2511.68,2515.63,2501.1,2502.21,11.9526,1.0
ETHUSDT,2026-09-07 02:00:00+00:00,2504.01,2535.73,2498.97,2513.25,20.9364,1.0
ETHUSDT,2026-09-07 03:00:00+00:00,2511.6,2516.01,2497.3,2499.01,8.899,1.0
ETHUSDT,2026-09-07 04:00:00+00:00,2496.82,2499.92,2494.56,2495.65,15.4879,1.0
ETHUSDT,2026-09-07 05:00:00+00:00,2497.74,2513.09,2497.74,2505.07,16.8315,1.0
ETHUSDT,2026-09-07 06:00:00+00:00,2504.46,2509.77,2499.62,2499.64,18.0157,1.0
ETHUSDT,2026-09-07 07:00:00+00:00,2500.81,2500.96,2476.13,2487.68,16.595,1.0
ETHUSDT,2026-09-07 08:00:00+00:00,2489.81,2493.68,2489.55,2492.8,20.706,1.0
ETHUSDT,2026-09-07 09:00:00+00:00,2491.88,2496.67,2487.48,2487.48,8.0431,1.0
ETHUSDT,2026-09-07 10:00:00+00:00,2486.28,2492.35,2485.67,2488.16,5.0932,1.0
ETHUSDT,2026-09-07 11:00:00+00:00,2488.35,2492.37,2487.81,2489.61,4.2562,1.0
ETHUSDT,2026-09-07 12:00:00+00:00,2489.65,2506.7,2489.6,2506.7,9.461,1.0
ETHUSDT,2026-09-07 13:00:00+00:00,2504.96,2510.39,2496.35,2500.87,10.1102,1.0
ETHUSDT,2026-09-07 14:00:00+00:00,2497.57,2497.57,2476.75,2489.64,17.1579,1.0
ETHUSDT,2026-09-07 15:00:00+00:00,2487.72,2487.95,2467.24,2471.39,21.623,1.0
ETHUSDT,2026-09-07 16:00:00+00:00,2470.46,2482.43,2470.46,2482.43,20.0074,1.0
ETHUSDT,2026-09-07 17:00:00+00:00,2482.93,2498.28,2482.54,2495.85,22.6977,1.0
ETHUSDT,2026-09-07 18:00:00+00:00,2496.67,2496.67,2487.53,2491.66,5.142,1.0
ETHUSDT,2026-09-07 19:00:00+00:00,2490.92,2496.3,2490.27,2494.79,9.5143,1.0
ETHUSDT,2026-09-07 20:00:00+00:00,2496.0,2497.6,2488.89,2495.39,11.533,1.0
ETHUSDT,2026-09-07 21:00:00+00:00,2495.79,2496.57,2491.2,2491.56,6.5215,1.0
ETHUSDT,2026-09-07 22:00:00+00:00,2487.18,2492.14,2476.06,2481.74,11.5888,1.0
ETHUSDT,2026-09-07 23:00:00+00:00,2483.33,2493.5,2483.13,2491.34,7.5017,1.0
ETHUSDT,2026-09-08 00:00:00+00:00,2489.86,2495.29,2483.66,2495.29,15.3303,1.0
ETHUSDT,2026-09-08 01:00:00+00:00,2494.06,2504.94,2494.06,2503.71,18.8163,1.0
ETHUSDT,2026-09-08 02:00:00+00:00,2501.74,2507.61,2486.03,2486.03,21.0676,1.0
ETHUSDT,2026-09-08 03:00:00+00:00,2485.02,2487.7,2479.76,2484.56,12.6941,1.0
ETHUSDT,2026-09-08 04:00:00+00:00,2485.43,2485.56,2479.37,2479.43,8.2924,1.0
ETHUSDT,2026-09-08 05:00:00+00:00,2479.3,2484.52,2474.2,2474.25,20.9807,1.0
ETHUSDT,2026-09-08 06:00:00+00:00,2471.51,2476.87,2463.71,2469.26,12.1866,1.0
ETHUSDT,2026-09-08 07:00:00+00:00,2470.35,2484.76,2470.12,2476.43,11.8082,1.0
ETHUSDT,2026-09-08 08:00:00+00:00,2473.63,2481.12,2469.86,2477.13,7.488,1.0
ETHUSDT,2026-09-08 09:00:00+00:00,2476.73,2495.16,2475.92,2491.64,21.2678,1.0
ETHUSDT,2026-09-08 10:00:00+00:00,2490.51,2498.41,2481.81,2481.81,11.5821,1.0
ETHUSDT,2026-09-08 11:00:00+00:00,2481.71,2481.99,2472.99,2474.45,21.9588,1.0
ETHUSDT,2026-09-08 12:00:00+00:00,2472.51,2475.69,2468.62,2473.22,15.8876,1.0
ETHUSDT,2026-09-08 13:00:00+00:00,2473.89,2474.49,2443.18,2459.3,25.5371,1.0
ETHUSDT,2026-09-08 14:00:00+00:00,2460.83,2486.02,2460.04,2485.8,11.3723,1.0
ETHUSDT,2026-09-08 15:00:00+00:00,2486.4,2500.64,2482.27,2497.63,53.4498,1.0
ETHUSDT,2026-09-08 16:00:00+00:00,2496.35,2504.47,2488.59,2496.59,16.82,1.0
ETHUSDT,2026-09-08 17:00:00+00:00,2497.79,2501.53,2488.05,2489.46,18.2412,1.0
ETHUSDT,2026-09-08 18:00:00+00:00,2488.88,2506.65,2478.84,2486.6,28.7862,1.0
ETHUSDT,2026-09-08 19:00:00+00:00,2487.49,2490.72,2477.38,2477.38,23.9962,1.0
ETHUSDT,2026-09-08 20:00:00+00:00,2483.07,2491.27,2482.69,2483.12,13.3204,1.0
ETHUSDT,2026-09-08 21:00:00+00:00,2483.7,2487.28,2479.35,2481.79,14.4236,1.0
ETHUSDT,2026-09-08 22:00:00+00:00,2483.3,2488.95,2481.99,2488.95,7.8264,1.0
ETHUSDT,2026-09-08 23:00:00+00:00,2490.23,2490.23,2483.42,2484.75,7.5769,1.0
ETHUSDT,2026-09-09 00:00:00+00:00,2485.8,2497.3,2485.8,2496.13,7.0529,1.0
ETHUSDT,2026-09-09 01:00:00+00:00,2496.95,2499.48,2490.8,2497.49,20.691,1.0
ETHUSDT,2026-09-09 02:00:00+00:00,2496.44,2499.84,2490.65,2496.31,14.8632,1.0
ETHUSDT,2026-09-09 03:00:00+00:00,2491.59,2492.25,2487.04,2489.72,9.2697,1.0
ETHUSDT,2026-09-09 04:00:00+00:00,2490.15,2513.25,2490.15,2510.22,33.0437,1.0
ETHUSDT,2026-09-09 05:00:00+00:00,2507.54,2511.14,2491.73,2496.54,13.9896,1.0
ETHUSDT,2026-09-09 06:00:00+00:00,2496.3,2504.2,2494.9,2499.82,11.3747,1.0
ETHUSDT,2026-09-09 07:00:00+00:00,2504.42,2516.33,2504.42,2510.18,11.0176,1.0
ETHUSDT,2026-09-09 08:00:00+00:00,2512.07,2523.01,2511.7,2520.3,11.2576,1.0
ETHUSDT,2026-09-09 09:00:00+00:00,2519.34,2519.34,2490.37,2490.37,5.4292,1.0
ETHUSDT,2026-09-09 10:00:00+00:00,2490.56,2494.57,2482.94,2482.94,8.8628,1.0
ETHUSDT,2026-09-09 11:00:00+00:00,2488.08,2503.37,2483.01,2502.07,9.3671,1.0
ETHUSDT,2026-09-09 12:00:00+00:00,2502.34,2512.27,2499.08,2510.75,41.5223,1.0
ETHUSDT,2026-09-09 13:00:00+00:00,2509.41,2519.99,2500.67,2500.67,54.3522,1.0
ETHUSDT,2026-09-09 14:00:00+00:00,2501.52,2512.0,2496.51,2498.04,32.4547,1.0
ETHUSDT,2026-09-09 15:00:00+00:00,2501.99,2510.78,2472.61,2491.92,46.1482,1.0
ETHUSDT,2026-09-09 16:00:00+00:00,2492.52,2498.37,2485.68,2495.3,9.0264,1.0
ETHUSDT,2026-09-09 17:00:00+00:00,2495.69,2498.25,2490.0,2491.93,16.6482,1.0
ETHUSDT,2026-09-09 18:00:00+00:00,2494.19,2494.87,2482.93,2482.93,8.2504,1.0
ETHUSDT,2026-09-09 19:00:00+00:00,2480.96,2483.52,2464.43,2464.43,28.8898,1.0
ETHUSDT,2026-09-09 20:00:00+00:00,2469.05,2472.0,2454.93,2472.0,23.0348,1.0
ETHUSDT,2026-09-09 21:00:00+00:00,2471.42,2471.42,2457.02,2459.35,9.1546,1.0
ETHUSDT,2026-09-09 22:00:00+00:00,2460.95,2460.95,2443.62,2455.76,14.6441,1.0
ETHUSDT,2026-09-09 23:00:00+00:00,2457.77,2468.06,2457.77,2467.41,36.3776,1.0
ETHUSDT,2026-09-10 00:00:00+00:00,2469.22,2471.62,2462.98,2464.88,43.6023,1.0
ETHUSDT,2026-09-10 01:00:00+00:00,2466.28,2479.3,2455.34,2460.96,43.8477,1.0
ETHUSDT,2026-09-10 02:00:00+00:00,2462.43,2474.99,2460.95,2474.99,3.5751,1.0
ETHUSDT,2026-09-10 03:00:00+00:00,2475.2,2479.08,2472.59,2475.41,20.8558,1.0
ETHUSDT,2026-09-10 04:00:00+00:00,2477.84,2480.27,2475.92,2478.81,11.7714,1.0
ETHUSDT,2026-09-10 05:00:00+00:00,2479.44,2483.56,2474.15,2483.49,18.3453,1.0
ETHUSDT,2026-09-10 06:00:00+00:00,2478.85,2484.88,2473.12,2483.22,3.3991,1.0
ETHUSDT,2026-09-10 07:00:00+00:00,2476.14,2476.14,2464.74,2473.01,3.4861,1.0
ETHUSDT,2026-09-10 08:00:00+00:00,2473.35,2474.63,2469.45,2471.27,27.8425,1.0
ETHUSDT,2026-09-10 09:00:00+00:00,2473.36,2476.14,2467.04,2469.61,2.0981,1.0
ETHUSDT,2026-09-10 10:00:00+00:00,2468.07,2471.38,2466.85,2468.68,6.3391,1.0
ETHUSDT,2026-09-10 11:00:00+00:00,2463.12,2469.88,2459.06,2462.72,11.5693,1.0
ETHUSDT,2026-09-10 12:00:00+00:00,2461.27,2464.68,2410.0,2414.19,135.3065,1.0
ETHUSDT,2026-09-10 13:00:00+00:00,2415.42,2436.13,2406.49,2436.13,87.5862,1.0
ETHUSDT,2026-09-10 14:00:00+00:00,2436.51,2443.52,2428.52,2442.44,63.9761,1.0
ETHUSDT,2026-09-10 15:00:00+00:00,2439.92,2443.69,2434.09,2440.74,15.2813,1.0
ETHUSDT,2026-09-10 16:00:00+00:00,2441.78,2449.68,2432.99,2446.75,69.6537,1.0
ETHUSDT,2026-09-10 17:00:00+00:00,2447.88,2474.82,2447.88,2466.94,99.8857,1.0
ETHUSDT,2026-09-10 18:00:00+00:00,2462.26,2468.17,2456.58,2468.17,12.984,1.0
ETHUSDT,2026-09-10 19:00:00+00:00,2468.32,2471.54,2460.26,2463.74,55.2363,1.0
ETHUSDT,2026-09-10 20:00:00+00:00,2462.83,2468.36,2462.83,2464.21,5.5999,1.0
ETHUSDT,2026-09-10 21:00:00+00:00,2462.16,2462.94,2458.64,2459.59,5.2362,1.0
ETHUSDT,2026-09-10 22:00:00+00:00,2458.23,2462.07,2445.1,2446.62,11.2126,1.0
ETHUSDT,2026-09-10 23:00:00+00:00,2447.46,2447.46,2435.16,2439.94,49.1831,1.0
ETHUSDT,2026-09-11 00:00:00+00:00,2440.88,2458.22,2440.88,2458.22,14.9006,1.0
ETHUSDT,2026-09-11 01:00:00+00:00,2458.23,2460.06,2446.81,2449.94,5.4714,1.0
ETHUSDT,2026-09-11 02:00:00+00:00,2453.91,2454.98,2445.14,2445.88,7.651,1.0
ETHUSDT,2026-09-11 03:00:00+00:00,2446.86,2447.82,2442.11,2443.34,4.4641,1.0
ETHUSDT,2026-09-11 04:00:00+00:00,2448.96,2464.26,2448.09,2459.12,8.535,1.0
ETHUSDT,2026-09-11 05:00:00+00:00,2457.98,2468.02,2457.98,2468.02,11.2308,1.0
ETHUSDT,2026-09-11 06:00:00+00:00,2468.19,2470.57,2465.05,2467.7,17.8182,1.0
ETHUSDT,2026-09-11 07:00:00+00:00,2469.41,2473.01,2466.64,2468.93,8.0268,1.0
ETHUSDT,2026-09-11 08:00:00+00:00,2469.11,2483.65,2464.51,2483.63,10.5333,1.0
ETHUSDT,2026-09-11 09:00:00+00:00,2476.96,2476.96,2463.14,2470.22,4.7875,1.0
ETHUSDT,2026-09-11 10:00:00+00:00,2469.9,2472.81,2463.69,2464.38,5.5733,1.0
ETHUSDT,2026-09-11 11:00:00+00:00,2462.11,2462.11,2452.92,2457.24,38.4786,1.0
ETHUSDT,2026-09-11 12:00:00+00:00,2457.29,2514.82,2436.13,2510.04,156.9956,1.0
ETHUSDT,2026-09-11 13:00:00+00:00,2509.55,2645.74,2494.48,2628.64,157.9141,1.0
ETHUSDT,2026-09-11 14:00:00+00:00,2624.82,2664.29,2593.93,2606.54,144.4719,1.0
ETHUSDT,2026-09-11 15:00:00+00:00,2608.38,2617.97,2546.47,2555.78,114.8379,1.0
ETHUSDT,2026-09-11 16:00:00+00:00,2560.08,2581.77,2544.7,2578.25,68.2473,1.0
ETHUSDT,2026-09-11 17:00:00+00:00,2579.31,2581.54,2565.0,2567.61,8.9981,1.0
ETHUSDT,2026-09-11 18:00:00+00:00,2566.15,2566.86,2530.38,2536.63,46.6762,1.0
ETHUSDT,2026-09-11 19:00:00+00:00,2536.86,2547.05,2534.11,2538.35,12.0357,1.0
ETHUSDT,2026-09-11 20:00:00+00:00,2539.54,2546.89,2523.83,2528.51,30.7359,1.0
ETHUSDT,2026-09-11 21:00:00+00:00,2531.01,2539.57,2514.84,2514.84,15.3837,1.0
ETHUSDT,2026-09-11 22:00:00+00:00,2515.27,2522.78,2507.25,2512.13,147.5736,1.0
ETHUSDT,2026-09-11 23:00:00+00:00,2510.43,2516.74,2510.15,2516.74,7.5925,1.0
ETHUSDT,2026-09-12 00:00:00+00:00,2514.94,2517.09,2511.04,2511.26,17.702,1.0
ETHUSDT,2026-09-12 01:00:00+00:00,2510.2,2517.05,2509.73,2513.45,16.222,1.0
ETHUSDT,2026-09-12 02:00:00+00:00,2513.49,2515.61,2512.62,2515.61,16.0304,1.0
ETHUSDT,2026-09-12 03:00:00+00:00,2513.44,2515.47,2510.08,2513.28,11.2521,1.0
ETHUSDT,2026-09-12 04:00:00+00:00,2512.99,2513.63,2510.46,2513.13,6.2921,1.0
ETHUSDT,2026-09-12 05:00:00+00:00,2512.64,2513.06,2509.07,2512.51,7.7528,1.0
ETHUSDT,2026-09-12 06:00:00+00:00,2511.77,2522.3,2510.78,2520.06,5.0899,1.0
ETHUSDT,2026-09-12 07:00:00+00:00,2519.71,2524.33,2519.71,2523.69,5.2065,1.0
ETHUSDT,2026-09-12 08:00:00+00:00,2524.28,2535.41,2523.8,2535.41,8.2013,1.0
ETHUSDT,2026-09-12 09:00:00+00:00,2532.87,2536.98,2529.6,2531.07,15.7319,1.0
ETHUSDT,2026-09-12 10:00:00+00:00,2534.03,2534.64,2531.37,2533.94,9.1712,1.0
ETHUSDT,2026-09-12 11:00:00+00:00,2533.68,2537.0,2531.66,2536.11,22.8959,1.0
ETHUSDT,2026-09-12 12:00:00+00:00,2535.94,2536.69,2533.23,2533.27,7.3099,1.0
ETHUSDT,2026-09-12 13:00:00+00:00,2535.59,2544.85,2534.53,2544.85,23.8759,1.0
ETHUSDT,2026-09-12 14:00:00+00:00,2543.69,2544.5,2539.37,2540.99,14.6581,1.0
ETHUSDT,2026-09-12 15:00:00+00:00,2540.31,2542.24,2532.99,2535.07,22.0371,1.0
ETHUSDT,2026-09-12 16:00:00+00:00,2535.31,2536.48,2530.5,2530.96,8.9366,1.0
ETHUSDT,2026-09-12 17:00:00+00:00,2532.04,2534.23,2525.75,2525.81,5.9213,1.0
ETHUSDT,2026-09-12 18:00:00+00:00,2525.98,2527.12,2521.08,2521.55,22.5954,1.0
ETHUSDT,2026-09-12 19:00:00+00:00,2521.96,2522.92,2515.79,2519.54,10.4638,1.0
ETHUSDT,2026-09-12 20:00:00+00:00,2519.5,2523.64,2518.57,2520.38,27.6868,1.0
ETHUSDT,2026-09-12 21:00:00+00:00,2520.62,2528.61,2520.03,2524.45,20.8612,1.0
ETHUSDT,2026-09-12 22:00:00+00:00,2522.72,2525.43,2520.81,2522.98,7.8306,1.0
ETHUSDT,2026-09-12 23:00:00+00:00,2523.68,2526.28,2523.68,2526.16,2.3828,1.0
ETHUSDT,2026-09-13 00:00:00+00:00,2525.84,2527.28,2523.46,2523.95,3.9749,1.0
ETHUSDT,2026-09-13 01:00:00+00:00,2524.11,2527.24,2523.24,2525.91,10.6558,1.0
ETHUSDT,2026-09-13 02:00:00+00:00,2525.43,2525.43,2521.09,2521.69,6.1086,1.0
ETHUSDT,2026-09-13 03:00:00+00:00,2521.62,2522.5,2519.85,2521.23,8.9047,1.0
ETHUSDT,2026-09-13 04:00:00+00:00,2520.3,2523.3,2520.3,2522.36,6.8043,1.0
ETHUSDT,2026-09-13 05:00:00+00:00,2520.79,2523.55,2520.79,2523.0,0.8608,1.0
ETHUSDT,2026-09-13 06:00:00+00:00,2522.53,2522.75,2510.61,2510.61,1.7497,1.0
ETHUSDT,2026-09-13 07:00:00+00:00,2513.28,2520.02,2513.28,2517.83,4.6731,1.0
ETHUSDT,2026-09-13 08:00:00+00:00,2517.96,2519.22,2488.53,2494.76,49.801,1.0
ETHUSDT,2026-09-13 09:00:00+00:00,2495.32,2496.88,2471.16,2484.25,42.5551,1.0
ETHUSDT,2026-09-13 10:00:00+00:00,2484.91,2484.91,2470.13,2471.03,31.9769,1.0
ETHUSDT,2026-09-13 11:00:00+00:00,2473.42,2474.45,2468.63,2473.85,3.6471,1.0
ETHUSDT,2026-09-13 12:00:00+00:00,2480.99,2482.53,2475.64,2477.51,9.4907,1.0
ETHUSDT,2026-09-13 13:00:00+00:00,2476.63,2482.0,2463.72,2481.81,20.2039,1.0
ETHUSDT,2026-09-13 14:00:00+00:00,2480.86,2494.26,2480.86,2493.02,79.6915,1.0
ETHUSDT,2026-09-13 15:00:00+00:00,2490.48,2490.95,2482.28,2490.38,14.0902,1.0
ETHUSDT,2026-09-13 16:00:00+00:00,2491.7,2506.08,2491.7,2506.08,5.2474,1.0
ETHUSDT,2026-09-13 17:00:00+00:00,2506.52,2512.24,2504.09,2505.49,1.4318,1.0
ETHUSDT,2026-09-13 18:00:00+00:00,2505.66,2509.75,2505.59,2509.71,2.8266,1.0
ETHUSDT,2026-09-13 19:00:00+00:00,2510.18,2515.0,2503.92,2505.93,0.8357,1.0
ETHUSDT,2026-09-13 20:00:00+00:00,2507.08,2514.89,2506.14,2513.86,4.9555,1.0
ETHUSDT,2026-09-13 21:00:00+00:00,2512.26,2515.76,2509.22,2509.22,4.5225,1.0
ETHUSDT,2026-09-13 22:00:00+00:00,2508.34,2508.34,2473.19,2475.36,74.1377,1.0
ETHUSDT,2026-09-13 23:00:00+00:00,2477.41,2480.87,2470.78,2477.16,10.0404,1.0
ETHUSDT,2026-09-14 00:00:00+00:00,2477.19,2491.14,2465.36,2484.45,23.1149,1.0
ETHUSDT,2026-09-14 01:00:00+00:00,2483.53,2494.82,2476.81,2493.74,43.3887,1.0
ETHUSDT,2026-09-14 02:00:00+00:00,2492.55,2511.96,2491.33,2510.47,39.3714,1.0
ETHUSDT,2026-09-14 03:00:00+00:00,2513.89,2519.76,2510.43,2512.58,8.2529,1.0
ETHUSDT,2026-09-14 04:00:00+00:00,2513.15,2518.16,2511.3,2516.34,15.5202,1.0
ETHUSDT,2026-09-14 05:00:00+00:00,2514.7,2515.5,2510.83,2514.99,5.8036,1.0
ETHUSDT,2026-09-14 06:00:00+00:00,2516.58,2526.72,2508.95,2515.54,19.6537,1.0
ETHUSDT,2026-09-14 07:00:00+00:00,2520.8,2525.07,2520.8,2521.69,5.4728,1.0
ETHUSDT,2026-09-14 08:00:00+00:00,2522.99,2531.93,2518.24,2521.36,22.5101,1.0
ETHUSDT,2026-09-14 09:00:00+00:00,2517.79,2534.74,2512.75,2523.72,10.7302,1.0
ETHUSDT,2026-09-14 10:00:00+00:00,2523.82,2525.8,2514.07,2514.31,13.438,1.0
ETHUSDT,2026-09-14 11:00:00+00:00,2512.78,2515.14,2506.92,2508.67,15.356,1.0
ETHUSDT,2026-09-14 12:00:00+00:00,2508.17,2518.41,2502.97,2504.99,10.3712,1.0
ETHUSDT,2026-09-14 13:00:00+00:00,2505.43,2516.21,2489.06,2499.97,31.7495,1.0
ETHUSDT,2026-09-14 14:00:00+00:00,2501.48,2516.54,2495.3,2501.76,21.8755,1.0
ETHUSDT,2026-09-14 15:00:00+00:00,2501.54,2513.07,2497.19,2508.91,33.4584,1.0
ETHUSDT,2026-09-14 16:00:00+00:00,2507.77,2537.1,2504.94,2528.88,50.2971,1.0
ETHUSDT,2026-09-14 17:00:00+00:00,2528.47,2534.52,2523.75,2531.13,14.7976,1.0
ETHUSDT,2026-09-14 18:00:00+00:00,2533.72,2544.36,2530.83,2538.91,124.3651,1.0
ETHUSDT,2026-09-14 19:00:00+00:00,2537.69,2550.45,2534.93,2539.31,697.4893,1.0
ETHUSDT,2026-09-14 20:00:00+00:00,2541.27,2614.42,2541.27,2569.59,131.3147,1.0
ETHUSDT,2026-09-14 21:00:00+00:00,2568.35,2568.35,2540.14,2548.26,56.1381,1.0
ETHUSDT,2026-09-14 22:00:00+00:00,2545.5,2556.26,2533.92,2533.92,16.0551,1.0
ETHUSDT,2026-09-14 23:00:00+00:00,2532.48,2533.56,2514.37,2514.37,6.6906,1.0
ETHUSDT,2026-09-15 00:00:00+00:00,2515.07,2516.94,2508.29,2514.48,4.9794,1.0
ETHUSDT,2026-09-15 01:00:00+00:00,2515.34,2519.4,2509.12,2515.3,10.3523,1.0
ETHUSDT,2026-09-15 02:00:00+00:00,2516.67,2519.86,2510.24,2512.18,4.8028,1.0
ETHUSDT,2026-09-15 03:00:00+00:00,2510.55,2510.71,2496.53,2498.88,9.7386,1.0
ETHUSDT,2026-09-15 04:00:00+00:00,2499.52,2500.31,2491.75,2493.18,28.5618,1.0
ETHUSDT,2026-09-15 05:00:00+00:00,2491.85,2497.58,2480.0,2496.29,8.724,1.0
ETHUSDT,2026-09-15 06:00:00+00:00,2497.36,2499.9,2481.81,2485.72,8.3872,1.0
ETHUSDT,2026-09-15 07:00:00+00:00,2485.75,2485.93,2471.6,2472.12,24.3325,1.0
ETHUSDT,2026-09-15 08:00:00+00:00,2471.31,2476.42,2466.11,2473.42,100.7527,1.0
ETHUSDT,2026-09-15 09:00:00+00:00,2474.11,2480.26,2474.11,2477.71,12.7752,1.0
ETHUSDT,2026-09-15 10:00:00+00:00,2472.52,2484.72,2472.52,2484.72,9.0053,1.0
ETHUSDT,2026-09-15 11:00:00+00:00,2484.11,2486.26,2474.09,2476.87,46.6827,1.0
ETHUSDT,2026-09-15 12:00:00+00:00,2476.25,2485.32,2475.2,2484.2,64.164,1.0
ETHUSDT,2026-09-15 13:00:00+00:00,2481.26,2485.7,2434.0,2451.56,46.0457,1.0
ETHUSDT,2026-09-15 14:00:00+00:00,2454.02,2456.95,2390.37,2409.82,51.5641,1.0
ETHUSDT,2026-09-15 15:00:00+00:00,2408.27,2430.86,2398.38,2425.0,124.2939,1.0
ETHUSDT,2026-09-15 16:00:00+00:00,2422.47,2425.0,2414.3,2422.2,9.9739,1.0
ETHUSDT,2026-09-15 17:00:00+00:00,2421.44,2449.0,2413.62,2441.44,33.6691,1.0
ETHUSDT,2026-09-15 18:00:00+00:00,2441.25,2445.87,2358.72,2402.31,327.1701,1.0
ETHUSDT,2026-09-15 19:00:00+00:00,2403.42,2418.35,2398.49,2416.26,57.1299,1.0
ETHUSDT,2026-09-15 20:00:00+00:00,2416.56,2417.29,2396.47,2406.52,59.4927,1.0
ETHUSDT,2026-09-15 21:00:00+00:00,2406.75,2406.75,2391.28,2391.36,26.9518,1.0
ETHUSDT,2026-09-15 22:00:00+00:00,2389.81,2402.46,2383.22,2396.18,45.3753,1.0
ETHUSDT,2026-09-15 23:00:00+00:00,2399.94,2412.45,2397.83,2401.48,21.2567,1.0
ETHUSDT,2026-09-16 00:00:00+00:00,2398.79,2405.89,2398.57,2399.63,18.8218,1.0
ETHUSDT,2026-09-16 01:00:00+00:00,2399.75,2406.06,2391.65,2392.41,26.3242,1.0
ETHUSDT,2026-09-16 02:00:00+00:00,2390.82,2410.01,2389.44,2401.65,14.5428,1.0
ETHUSDT,2026-09-16 03:00:00+00:00,2405.28,2411.31,2401.04,2401.96,15.1327,1.0
ETHUSDT,2026-09-16 04:00:00+00:00,2402.21,2410.49,2402.21,2404.31,13.13,1.0
ETHUSDT,2026-09-16 05:00:00+00:00,2402.73,2407.22,2394.82,2407.22,13.2412,1.0
ETHUSDT,2026-09-16 06:00:00+00:00,2408.81,2408.81,2396.33,2407.03,12.4222,1.0
ETHUSDT,2026-09-16 07:00:00+00:00,2405.17,2410.46,2398.44,2399.24,13.3367,1.0
ETHUSDT,2026-09-16 08:00:00+00:00,2396.46,2402.23,2384.11,2402.23,16.1224,1.0
ETHUSDT,2026-09-16 09:00:00+00:00,2406.93,2406.93,2399.47,2403.54,8.1976,1.0
ETHUSDT,2026-09-16 10:00:00+00:00,2406.42,2406.98,2400.0,2406.13,15.1563,1.0
ETHUSDT,2026-09-16 11:00:00+00:00,2408.67,2428.9,2403.19,2422.96,22.486,1.0
ETHUSDT,2026-09-16 12:00:00+00:00,2422.72,2423.45,2403.77,2406.81,9.5175,1.0
ETHUSDT,2026-09-16 13:00:00+00:00,2401.9,2404.7,2391.09,2400.08,8.5695,1.0
ETHUSDT,2026-09-16 14:00:00+00:00,2389.14,2397.32,2380.12,2389.56,29.9898,1.0
ETHUSDT,2026-09-16 15:00:00+00:00,2390.0,2400.01,2385.24,2394.28,22.5122,1.0
ETHUSDT,2026-09-16 16:00:00+00:00,2393.0,2397.49,2392.47,2392.87,8.4158,1.0
ETHUSDT,2026-09-16 17:00:00+00:00,2393.84,2396.29,2372.13,2388.4,27.9188,1.0
ETHUSDT,2026-09-16 18:00:00+00:00,2390.0,2430.04,2369.01,2399.26,248.4407,1.0
ETHUSDT,2026-09-16 19:00:00+00:00,2403.37,2416.68,2377.67,2408.2,40.0872,1.0
ETHUSDT,2026-09-16 20:00:00+00:00,2411.59,2418.12,2405.37,2410.91,36.2179,1.0
ETHUSDT,2026-09-16 21:00:00+00:00,2410.25,2410.25,2401.52,2406.03,8.1956,1.0
ETHUSDT,2026-09-16 22:00:00+00:00,2401.28,2402.03,2389.46,2391.57,16.7141,1.0
ETHUSDT,2026-09-16 23:00:00+00:00,2392.43,2421.4,2392.43,2417.93,33.1584,1.0
ETHUSDT,2026-09-17 00:00:00+00:00,2416.87,2426.97,2416.61,2420.35,11.2044,1.0
ETHUSDT,2026-09-17 01:00:00+00:00,2418.65,2444.91,2415.43,2428.15,38.9855,1.0
ETHUSDT,2026-09-17 02:00:00+00:00,2428.39,2432.41,2416.86,2430.18,13.9615,1.0
ETHUSDT,2026-09-17 03:00:00+00:00,2433.51,2438.37,2432.27,2437.27,11.7806,1.0
ETHUSDT,2026-09-17 04:00:00+00:00,2435.51,2443.91,2426.46,2443.91,12.7398,1.0
ETHUSDT,2026-09-17 05:00:00+00:00,2444.44,2445.87,2436.17,2437.19,5.8231,1.0
ETHUSDT,2026-09-17 06:00:00+00:00,2438.46,2446.0,2438.46,2441.46,14.9673,1.0
ETHUSDT,2026-09-17 07:00:00+00:00,2443.71,2453.57,2442.96,2444.45,58.3981,1.0
ETHUSDT,2026-09-17 08:00:00+00:00,2445.04,2446.65,2437.81,2445.84,8.6167,1.0
ETHUSDT,2026-09-17 09:00:00+00:00,2446.58,2449.16,2438.88,2440.28,5.8114,1.0
ETHUSDT,2026-09-17 10:00:00+00:00,2434.93,2436.88,2431.68,2434.31,6.14,1.0
ETHUSDT,2026-09-17 11:00:00+00:00,2436.84,2442.52,2428.89,2441.56,9.2801,1.0
ETHUSDT,2026-09-17 12:00:00+00:00,2442.97,2479.25,2440.99,2460.74,33.7572,1.0
ETHUSDT,2026-09-17 13:00:00+00:00,2463.0,2464.57,2433.41,2460.37,50.8288,1.0
ETHUSDT,2026-09-17 14:00:00+00:00,2462.51,2482.84,2451.92,2465.1,61.8044,1.0
ETHUSDT,2026-09-17 15:00:00+00:00,2459.38,2477.9,2449.1,2470.13,15.1478,1.0
ETHUSDT,2026-09-17 16:00:00+00:00,2470.87,2473.25,2455.1,2466.38,14.9487,1.0
ETHUSDT,2026-09-17 17:00:00+00:00,2470.57,2476.86,2460.6,2463.37,17.6556,1.0
ETHUSDT,2026-09-17 18:00:00+00:00,2462.39,2462.7,2450.33,2452.12,20.5994,1.0
ETHUSDT,2026-09-17 19:00:00+00:00,2452.12,2455.48,2445.87,2449.62,15.1553,1.0
ETHUSDT,2026-09-17 20:00:00+00:00,2448.81,2458.23,2448.58,2452.1,13.518,1.0
ETHUSDT,2026-09-17 21:00:00+00:00,2454.15,2455.69,2448.04,2448.04,7.2693,1.0
ETHUSDT,2026-09-17 22:00:00+00:00,2446.14,2448.53,2438.25,2445.26,16.0545,1.0
ETHUSDT,2026-09-17 23:00:00+00:00,2445.27,2449.99,2444.96,2448.16,17.1283,1.0
ETHUSDT,2026-09-18 00:00:00+00:00,2447.44,2447.44,2439.45,2446.52,3.7235,1.0
ETHUSDT,2026-09-18 01:00:00+00:00,2449.97,2459.37,2446.77,2458.61,16.8154,1.0
ETHUSDT,2026-09-18 02:00:00+00:00,2459.88,2466.67,2452.8,2463.72,16.9247,1.0
ETHUSDT,2026-09-18 03:00:00+00:00,2462.31,2484.23,2462.06,2479.55,64.6664,1.0
ETHUSDT,2026-09-18 04:00:00+00:00,2479.55,2482.1,2470.08,2481.86,26.3046,1.0
ETHUSDT,2026-09-18 05:00:00+00:00,2482.24,2492.15,2477.59,2480.83,28.9817,1.0
ETHUSDT,2026-09-18 06:00:00+00:00,2482.59,2487.41,2482.15,2486.9,22.9786,1.0
ETHUSDT,2026-09-18 07:00:00+00:00,2488.9,2497.8,2487.7,2489.76,17.5062,1.0
ETHUSDT,2026-09-18 08:00:00+00:00,2491.97,2505.55,2490.84,2504.03,11.2572,1.0
ETHUSDT,2026-09-18 09:00:00+00:00,2504.58,2520.32,2502.29,2508.73,47.9533,1.0
ETHUSDT,2026-09-18 10:00:00+00:00,2509.33,2520.96,2509.33,2514.08,13.8329,1.0
ETHUSDT,2026-09-18 11:00:00+00:00,2515.36,2516.9,2500.51,2510.22,45.474,1.0
ETHUSDT,2026-09-18 12:00:00+00:00,2506.25,2509.81,2501.44,2502.32,14.5703,1.0
ETHUSDT,2026-09-18 13:00:00+00:00,2501.44,2576.8,2495.41,2552.28,199.6547,1.0
ETHUSDT,2026-09-18 14:00:00+00:00,2554.76,2584.63,2554.76,2582.38,124.8753,1.0
ETHUSDT,2026-09-18 15:00:00+00:00,2582.5,2596.31,2566.0,2582.8,71.6385,1.0
ETHUSDT,2026-09-18 16:00:00+00:00,2584.7,2609.54,2582.05,2597.31,66.8034,1.0
ETHUSDT,2026-09-18 17:00:00+00:00,2596.76,2606.89,2585.76,2606.76,59.0189,1.0
ETHUSDT,2026-09-18 18:00:00+00:00,2606.57,2625.7,2603.29,2614.14,61.9951,1.0
ETHUSDT,2026-09-18 19:00:00+00:00,2613.75,2645.18,2613.11,2637.81,62.0348,1.0
ETHUSDT,2026-09-18 20:00:00+00:00,2637.01,2640.09,2624.9,2630.85,15.4262,1.0
ETHUSDT,2026-09-18 21:00:00+00:00,2633.65,2640.07,2624.94,2626.54,27.1229,1.0
ETHUSDT,2026-09-18 22:00:00+00:00,2626.95,2634.27,2618.5,2620.12,242.1629,1.0
ETHUSDT,2026-09-18 23:00:00+00:00,2621.07,2621.46,2609.48,2612.48,20.9079,1.0
ETHUSDT,2026-09-19 00:00:00+00:00,2612.87,2625.59,2607.48,2625.59,17.566,1.0
ETHUSDT,2026-09-19 01:00:00+00:00,2625.34,2625.34,2604.02,2614.33,15.7275,1.0
ETHUSDT,2026-09-19 02:00:00+00:00,2612.72,2622.88,2612.72,2622.06,8.604,1.0
ETHUSDT,2026-09-19 03:00:00+00:00,2623.64,2631.66,2620.53,2621.38,3.625,1.0
ETHUSDT,2026-09-19 04:00:00+00:00,2620.29,2626.57,2612.96,2619.57,11.3463,1.0
ETHUSDT,2026-09-19 05:00:00+00:00,2619.65,2633.23,2619.65,2631.57,15.4231,1.0
ETHUSDT,2026-09-19 06:00:00+00:00,2629.84,2630.28,2622.63,2628.17,4.7616,1.0
ETHUSDT,2026-09-19 07:00:00+00:00,2628.06,2636.11,2624.4,2629.32,9.6176,1.0
ETHUSDT,2026-09-19 08:00:00+00:00,2627.76,2660.74,2624.11,2644.96,31.7075,1.0
ETHUSDT,2026-09-19 09:00:00+00:00,2645.67,2658.9,2633.59,2642.47,12.3906,1.0
ETHUSDT,2026-09-19 10:00:00+00:00,2642.2,2646.02,2639.32,2640.48,7.229,1.0
ETHUSDT,2026-09-19 11:00:00+00:00,2639.07,2642.91,2636.58,2638.28,8.8538,1.0
ETHUSDT,2026-09-19 12:00:00+00:00,2639.18,2643.43,2638.1,2641.46,7.4274,1.0
ETHUSDT,2026-09-19 13:00:00+00:00,2640.27,2643.4,2629.81,2638.7,8.636,1.0
ETHUSDT,2026-09-19 14:00:00+00:00,2638.36,2643.73,2636.14,2639.14,9.4071,1.0
ETHUSDT,2026-09-19 15:00:00+00:00,2639.42,2651.94,2637.69,2641.87,24.6244,1.0
ETHUSDT,2026-09-19 16:00:00+00:00,2641.51,2650.67,2636.86,2650.24,11.2659,1.0
ETHUSDT,2026-09-19 17:00:00+00:00,2651.65,2666.59,2644.18,2645.41,37.1645,1.0
ETHUSDT,2026-09-19 18:00:00+00:00,2644.02,2647.4,2635.51,2638.49,18.23,1.0
ETHUSDT,2026-09-19 19:00:00+00:00,2639.25,2639.35,2632.15,2636.11,3.5742,1.0
ETHUSDT,2026-09-19 20:00:00+00:00,2635.79,2639.88,2632.68,2635.21,11.8718,1.0
ETHUSDT,2026-09-19 21:00:00+00:00,2636.15,2639.08,2618.65,2628.91,23.8056,1.0
ETHUSDT,2026-09-19 22:00:00+00:00,2626.23,2630.9,2619.78,2630.9,1.9617,1.0
ETHUSDT,2026-09-19 23:00:00+00:00,2631.19,2637.48,2631.19,2633.28,10.0507,1.0
ETHUSDT,2026-09-20 00:00:00+00:00,2631.9,2631.9,2626.07,2627.03,75.0856,1.0
ETHUSDT,2026-09-20 01:00:00+00:00,2624.55,2625.86,2614.88,2619.44,6.0848,1.0
ETHUSDT,2026-09-20 02:00:00+00:00,2621.09,2622.92,2567.1,2571.51,40.8202,1.0
ETHUSDT,2026-09-20 03:00:00+00:00,2574.19,2590.82,2565.44,2584.84,17.3845,1.0
ETHUSDT,2026-09-20 04:00:00+00:00,2585.88,2588.45,2576.82,2579.83,36.9692,1.0
ETHUSDT,2026-09-20 05:00:00+00:00,2577.96,2584.68,2574.8,2578.63,8.6002,1.0
ETHUSDT,2026-09-20 06:00:00+00:00,2576.44,2585.87,2571.22,2575.55,9.4004,1.0
ETHUSDT,2026-09-20 07:00:00+00:00,2575.55,2577.22,2572.1,2574.12,1.8597,1.0
ETHUSDT,2026-09-20 08:00:00+00:00,2576.66,2582.09,2570.0,2574.39,3.9845,1.0
ETHUSDT,2026-09-20 09:00:00+00:00,2574.96,2586.34,2574.96,2579.71,8.0898,1.0
ETHUSDT,2026-09-20 10:00:00+00:00,2579.87,2581.21,2570.9,2570.9,3.4919,1.0
ETHUSDT,2026-09-20 11:00:00+00:00,2570.34,2579.25,2568.92,2579.25,6.6386,1.0
ETHUSDT,2026-09-20 12:00:00+00:00,2577.37,2582.92,2575.38,2580.59,8.1925,1.0
ETHUSDT,2026-09-20 13:00:00+00:00,2580.36,2584.87,2578.21,2579.53,2.7754,1.0
ETHUSDT,2026-09-20 14:00:00+00:00,2582.49,2587.01,2574.55,2586.38,8.7929,1.0
ETHUSDT,2026-09-20 15:00:00+00:00,2588.58,2615.48,2588.58,2613.43,19.3035,1.0
ETHUSDT,2026-09-20 16:00:00+00:00,2611.13,2647.1,2607.84,2638.34,36.6011,1.0
ETHUSDT,2026-09-20 17:00:00+00:00,2642.23,2648.65,2621.76,2622.32,12.8179,1.0
ETHUSDT,2026-09-20 18:00:00+00:00,2627.35,2638.47,2623.27,2625.87,10.6079,1.0
ETHUSDT,2026-09-20 19:00:00+00:00,2628.71,2635.77,2626.28,2635.77,5.6067,1.0
ETHUSDT,2026-09-20 20:00:00+00:00,2635.66,2642.43,2630.8,2634.15,14.4772,1.0
ETHUSDT,2026-09-20 21:00:00+00:00,2634.06,2634.06,2609.16,2626.46,18.16,1.0
ETHUSDT,2026-09-20 22:00:00+00:00,2632.48,2646.14,2626.17,2640.78,17.6097,1.0
ETHUSDT,2026-09-20 23:00:00+00:00,2638.81,2648.74,2632.93,2642.92,18.4835,1.0
ETHUSDT,2026-09-21 00:00:00+00:00,2646.77,2706.31,2646.77,2690.42,129.0488,1.0
ETHUSDT,2026-09-21 01:00:00+00:00,2690.04,2700.05,2644.59,2650.78,39.0236,1.0
ETHUSDT,2026-09-21 02:00:00+00:00,2649.84,2668.87,2644.41,2661.55,64.315,1.0
ETHUSDT,2026-09-21 03:00:00+00:00,2665.41,2672.68,2659.78,2664.4,3.9246,1.0
ETHUSDT,2026-09-21 04:00:00+00:00,2660.84,2669.07,2653.49,2663.19,12.8873,1.0
ETHUSDT,2026-09-21 05:00:00+00:00,2665.59,2674.62,2660.0,2664.88,16.2711,1.0
ETHUSDT,2026-09-21 06:00:00+00:00,2665.48,2676.88,2654.77,2661.84,19.4601,1.0
ETHUSDT,2026-09-21 07:00:00+00:00,2664.26,2664.53,2646.89,2655.53,6.1651,1.0
ETHUSDT,2026-09-21 08:00:00+00:00,2662.08,2710.85,2662.08,2696.63,55.3267,1.0
ETHUSDT,2026-09-21 09:00:00+00:00,2696.31,2748.5,2693.65,2718.12,71.3264,1.0
ETHUSDT,2026-09-21 10:00:00+00:00,2722.64,2723.73,2708.72,2715.1,13.9085,1.0
ETHUSDT,2026-09-21 11:00:00+00:00,2715.82,2728.62,2715.41,2723.42,27.6628,1.0
ETHUSDT,2026-09-21 12:00:00+00:00,2723.3,2739.21,2720.01,2739.21,29.8149,1.0
ETHUSDT,2026-09-21 13:00:00+00:00,2734.07,2743.46,2719.1,2733.88,35.6196,1.0
ETHUSDT,2026-09-21 14:00:00+00:00,2734.15,2755.83,2714.14,2734.47,146.2493,1.0
ETHUSDT,2026-09-21 15:00:00+00:00,2736.33,2764.84,2728.85,2755.24,59.4715,1.0
ETHUSDT,2026-09-21 16:00:00+00:00,2754.82,2767.76,2743.01,2755.83,27.7906,1.0
ETHUSDT,2026-09-21 17:00:00+00:00,2753.53,2757.37,2736.03,2741.84,10.3808,1.0
ETHUSDT,2026-09-21 18:00:00+00:00,2743.96,2757.91,2739.89,2757.91,6.3344,1.0
ETHUSDT,2026-09-21 19:00:00+00:00,2758.67,2774.8,2756.8,2763.37,46.5171,1.0
ETHUSDT,2026-09-21 20:00:00+00:00,2764.43,2806.39,2764.43,2782.58,54.6379,1.0
ETHUSDT,2026-09-21 21:00:00+00:00,2782.65,2782.65,2764.83,2769.95,25.1484,1.0
ETHUSDT,2026-09-21 22:00:00+00:00,2771.17,2783.56,2769.24,2779.25,21.0943,1.0
ETHUSDT,2026-09-21 23:00:00+00:00,2778.04,2786.9,2767.69,2777.14,13.419,1.0
ETHUSDT,2026-09-22 00:00:00+00:00,2772.79,2776.13,2754.22,2754.22,10.3841,1.0
ETHUSDT,2026-09-22 01:00:00+00:00,2756.15,2756.15,2739.28,2748.62,18.1938,1.0
ETHUSDT,2026-09-22 02:00:00+00:00,2748.42,2748.84,2736.68,2740.5,9.1914,1.0
ETHUSDT,2026-09-22 03:00:00+00:00,2739.95,2743.06,2726.98,2736.15,14.5646,1.0
ETHUSDT,2026-09-22 04:00:00+00:00,2739.17,2742.09,2727.86,2727.86,18.1431,1.0
ETHUSDT,2026-09-22 05:00:00+00:00,2726.96,2738.22,2717.0,2733.62,14.7872,1.0
ETHUSDT,2026-09-22 06:00:00+00:00,2733.46,2735.64,2725.9,2731.75,3.9421,1.0
ETHUSDT,2026-09-22 07:00:00+00:00,2729.63,2732.61,2724.06,2726.08,8.444,1.0
ETHUSDT,2026-09-22 08:00:00+00:00,2728.19,2753.78,2722.05,2749.68,23.6668,1.0
ETHUSDT,2026-09-22 09:00:00+00:00,2749.16,2753.87,2732.28,2752.13,51.6861,1.0
ETHUSDT,2026-09-22 10:00:00+00:00,2751.41,2751.41,2737.14,2742.79,4.3978,1.0
ETHUSDT,2026-09-22 11:00:00+00:00,2744.81,2747.53,2736.03,2740.46,14.4943,1.0
ETHUSDT,2026-09-22 12:00:00+00:00,2743.75,2756.62,2736.78,2754.17,30.1877,1.0
ETHUSDT,2026-09-22 13:00:00+00:00,2756.65,2763.79,2740.0,2760.07,22.1498,1.0
ETHUSDT,2026-09-22 14:00:00+00:00,2757.92,2759.46,2716.99,2741.27,27.4005,1.0
ETHUSDT,2026-09-22 15:00:00+00:00,2742.48,2755.13,2738.34,2743.95,16.7644,1.0
ETHUSDT,2026-09-22 16:00:00+00:00,2745.62,2750.15,2730.0,2746.55,24.9024,1.0
ETHUSDT,2026-09-22 17:00:00+00:00,2744.63,2759.02,2744.52,2754.74,23.9904,1.0
ETHUSDT,2026-09-22 18:00:00+00:00,2753.68,2755.64,2743.67,2750.91,12.6976,1.0
ETHUSDT,2026-09-22 19:00:00+00:00,2755.38,2763.14,2747.1,2750.91,21.307,1.0
ETHUSDT,2026-09-22 20:00:00+00:00,2750.32,2758.32,2747.99,2750.18,16.4051,1.0
ETHUSDT,2026-09-22 21:00:00+00:00,2751.0,2753.47,2747.38,2749.11,8.5192,1.0
ETHUSDT,2026-09-22 22:00:00+00:00,2747.32,2760.02,2735.96,2754.14,29.1971,1.0
ETHUSDT,2026-09-22 23:00:00+00:00,2753.61,2772.87,2749.7,2752.43,27.6027,1.0
ETHUSDT,2026-09-23 00:00:00+00:00,2753.5,2767.03,2750.11,2760.57,13.0449,1.0
ETHUSDT,2026-09-23 01:00:00+00:00,2759.66,2774.02,2747.55,2753.63,16.9983,1.0
ETHUSDT,2026-09-23 02:00:00+00:00,2752.9,2761.7,2746.96,2761.55,10.4233,1.0
ETHUSDT,2026-09-23 03:00:00+00:00,2762.61,2783.86,2758.76,2775.02,22.0054,1.0
ETHUSDT,2026-09-23 04:00:00+00:00,2774.05,2788.01,2769.61,2780.44,11.8528,1.0
ETHUSDT,2026-09-23 05:00:00+00:00,2776.73,2776.73,2756.17,2758.03,7.7318,1.0
ETHUSDT,2026-09-23 06:00:00+00:00,2757.67,2761.4,2752.53,2753.89,4.4346,1.0
ETHUSDT,2026-09-23 07:00:00+00:00,2751.56,2752.64,2736.17,2743.59,19.054,1.0
ETHUSDT,2026-09-23 08:00:00+00:00,2744.57,2749.27,2727.54,2731.64,7.7616,1.0
ETHUSDT,2026-09-23 09:00:00+00:00,2736.1,2741.9,2731.41,2734.35,10.469,1.0
ETHUSDT,2026-09-23 10:00:00+00:00,2734.1,2737.27,2727.05,2737.27,20.2222,1.0
ETHUSDT,2026-09-23 11:00:00+00:00,2737.78,2738.87,2717.86,2729.24,7.9665,1.0
ETHUSDT,2026-09-23 12:00:00+00:00,2729.25,2729.34,2713.43,2721.43,38.3907,1.0
ETHUSDT,2026-09-23 13:00:00+00:00,2718.98,2722.43,2707.89,2716.75,19.9318,1.0
ETHUSDT,2026-09-23 14:00:00+00:00,2716.95,2721.62,2648.3,2676.2,106.6403,1.0
ETHUSDT,2026-09-23 15:00:00+00:00,2676.2,2682.4,2655.53,2655.53,57.8779,1.0
ETHUSDT,2026-09-23 16:00:00+00:00,2656.03,2667.31,2636.88,2660.35,51.9468,1.0
ETHUSDT,2026-09-23 17:00:00+00:00,2660.8,2669.28,2648.64,2667.62,13.1353,1.0
ETHUSDT,2026-09-23 18:00:00+00:00,2668.21,2671.57,2660.08,2670.84,10.2138,1.0
ETHUSDT,2026-09-23 19:00:00+00:00,2671.07,2679.68,2665.14,2678.84,9.6103,1.0
ETHUSDT,2026-09-23 20:00:00+00:00,2679.8,2679.8,2671.03,2672.76,5.9517,1.0
ETHUSDT,2026-09-23 21:00:00+00:00,2671.55,2679.03,2669.57,2678.26,26.9196,1.0
ETHUSDT,2026-09-23 22:00:00+00:00,2677.1,2698.55,2677.1,2690.93,15.2464,1.0
ETHUSDT,2026-09-23 23:00:00+00:00,2688.79,2690.24,2681.46,2684.92,7.1791,1.0
ETHUSDT,2026-09-24 00:00:00+00:00,2684.62,2691.89,2679.76,2684.03,9.5632,1.0
ETHUSDT,2026-09-24 01:00:00+00:00,2682.81,2691.94,2676.29,2677.01,11.3468,1.0
ETHUSDT,2026-09-24 02:00:00+00:00,2673.94,2688.26,2665.0,2686.74,19.496,1.0
ETHUSDT,2026-09-24 03:00:00+00:00,2686.38,2690.0,2672.63,2677.18,12.9331,1.0
ETHUSDT,2026-09-24 04:00:00+00:00,2676.45,2683.54,2670.45,2682.52,12.2422,1.0
ETHUSDT,2026-09-24 05:00:00+00:00,2685.55,2703.79,2682.54,2683.16,17.9357,1.0
ETHUSDT,2026-09-24 06:00:00+00:00,2682.93,2690.09,2679.95,2686.57,3.7237,1.0
ETHUSDT,2026-09-24 07:00:00+00:00,2685.43,2698.63,2680.59,2694.16,12.6528,1.0
ETHUSDT,2026-09-24 08:00:00+00:00,2693.64,2694.73,2655.0,2666.84,18.7222,1.0
ETHUSDT,2026-09-24 09:00:00+00:00,2669.39,2673.46,2628.4,2642.66,25.9283,1.0
ETHUSDT,2026-09-24 10:00:00+00:00,2641.13,2648.86,2634.56,2646.04,29.5533,1.0
ETHUSDT,2026-09-24 11:00:00+00:00,2650.39,2651.52,2643.85,2649.04,9.9595,1.0
ETHUSDT,2026-09-24 12:00:00+00:00,2645.42,2653.96,2641.23,2649.79,17.8434,1.0
ETHUSDT,2026-09-24 13:00:00+00:00,2648.92,2678.07,2648.92,2670.12,24.016,1.0
ETHUSDT,2026-09-24 14:00:00+00:00,2669.11,2698.83,2646.26,2657.72,26.5164,1.0
ETHUSDT,2026-09-24 15:00:00+00:00,2656.52,2684.35,2652.98,2682.34,14.0985,1.0
ETHUSDT,2026-09-24 16:00:00+00:00,2683.98,2705.8,2666.52,2688.78,33.7632,1.0
ETHUSDT,2026-09-24 17:00:00+00:00,2685.44,2689.15,2667.32,2670.38,10.9014,1.0
ETHUSDT,2026-09-24 18:00:00+00:00,2669.17,2693.77,2661.37,2689.9,38.2458,1.0
ETHUSDT,2026-09-24 19:00:00+00:00,2690.57,2700.65,2683.52,2696.36,18.7634,1.0
ETHUSDT,2026-09-24 20:00:00+00:00,2697.06,2697.06,2685.15,2686.04,6.7736,1.0
ETHUSDT,2026-09-24 21:00:00+00:00,2688.64,2692.2,2686.23,2687.0,8.2724,1.0
ETHUSDT,2026-09-24 22:00:00+00:00,2685.96,2688.45,2676.0,2684.06,17.5673,1.0
ETHUSDT,2026-09-24 23:00:00+00:00,2685.44,2692.31,2685.44,2687.68,70.1394,1.0
ETHUSDT,2026-09-25 00:00:00+00:00,2688.41,2697.27,2688.41,2690.37,12.4133,1.0
ETHUSDT,2026-09-25 01:00:00+00:00,2690.43,2698.19,2683.8,2688.54,8.3025,1.0
ETHUSDT,2026-09-25 02:00:00+00:00,2689.92,2699.6,2675.4,2676.28,10.0722,1.0
ETHUSDT,2026-09-25 03:00:00+00:00,2677.14,2681.19,2674.03,2678.46,12.386,1.0
ETHUSDT,2026-09-25 04:00:00+00:00,2676.23,2685.25,2672.4,2679.75,7.4826,1.0
ETHUSDT,2026-09-25 05:00:00+00:00,2682.33,2685.05,2675.78,2683.77,5.62,1.0
ETHUSDT,2026-09-25 06:00:00+00:00,2678.15,2681.49,2670.78,2674.97,12.6951,1.0
ETHUSDT,2026-09-25 07:00:00+00:00,2675.58,2680.21,2668.98,2672.21,3.8764,1.0
ETHUSDT,2026-09-25 08:00:00+00:00,2673.3,2696.36,2673.3,2691.07,12.3113,1.0
ETHUSDT,2026-09-25 09:00:00+00:00,2691.05,2716.73,2691.05,2704.88,22.8712,1.0
ETHUSDT,2026-09-25 10:00:00+00:00,2703.9,2719.11,2693.91,2714.3,12.9359,1.0
ETHUSDT,2026-09-25 11:00:00+00:00,2713.51,2742.45,2713.51,2717.52,21.4009,1.0
ETHUSDT,2026-09-25 12:00:00+00:00,2719.01,2723.76,2687.77,2719.17,31.4241,1.0
ETHUSDT,2026-09-25 13:00:00+00:00,2715.53,2720.68,2680.53,2695.56,20.8722,1.0
ETHUSDT,2026-09-25 14:00:00+00:00,2695.99,2697.59,2672.54,2692.86,30.8462,1.0
ETHUSDT,2026-09-25 15:00:00+00:00,2695.84,2698.34,2669.09,2685.54,24.6544,1.0
ETHUSDT,2026-09-25 16:00:00+00:00,2687.45,2697.42,2682.25,2683.56,16.4435,1.0
ETHUSDT,2026-09-25 17:00:00+00:00,2683.57,2693.84,2678.58,2685.16,12.9894,1.0
ETHUSDT,2026-09-25 18:00:00+00:00,2686.78,2697.99,2686.78,2693.88,11.2172,1.0
ETHUSDT,2026-09-25 19:00:00+00:00,2691.17,2696.1,2690.9,2694.01,10.7957,1.0
ETHUSDT,2026-09-25 20:00:00+00:00,2694.19,2696.5,2684.43,2684.92,7.6689,1.0
ETHUSDT,2026-09-25 21:00:00+00:00,2684.73,2685.65,2677.58,2680.89,2.8103,1.0
ETHUSDT,2026-09-25 22:00:00+00:00,2681.38,2694.34,2681.38,2692.09,2.6417,1.0
ETHUSDT,2026-09-25 23:00:00+00:00,2692.09,2694.49,2690.66,2691.61,4.3926,1.0
ETHUSDT,2026-09-26 00:00:00+00:00,2691.35,2694.17,2681.25,2687.28,2.8689,1.0
ETHUSDT,2026-09-26 01:00:00+00:00,2687.07,2696.12,2687.07,2692.29,15.8613,1.0
ETHUSDT,2026-09-26 02:00:00+00:00,2692.36,2695.19,2689.39,2691.35,4.7433,1.0
ETHUSDT,2026-09-26 03:00:00+00:00,2690.31,2691.21,2687.07,2688.3,1.0425,1.0
ETHUSDT,2026-09-26 04:00:00+00:00,2688.02,2692.01,2685.52,2689.9,3.3065,1.0
ETHUSDT,2026-09-26 05:00:00+00:00,2689.5,2690.32,2685.79,2686.03,5.1369,1.0
ETHUSDT,2026-09-26 06:00:00+00:00,2686.48,2687.12,2684.01,2686.21,3.6448,1.0
ETHUSDT,2026-09-26 07:00:00+00:00,2686.11,2691.04,2686.11,2689.97,2.4065,1.0
ETHUSDT,2026-09-26 08:00:00+00:00,2690.76,2697.3,2687.75,2692.61,8.5256,1.0
ETHUSDT,2026-09-26 09:00:00+00:00,2691.06,2691.06,2680.15,2681.49,6.8806,1.0
ETHUSDT,2026-09-26 10:00:00+00:00,2682.63,2689.31,2682.63,2686.4,5.9483,1.0
ETHUSDT,2026-09-26 11:00:00+00:00,2687.83,2690.61,2686.27,2690.08,3.3307,1.0
ETHUSDT,2026-09-26 12:00:00+00:00,2689.55,2692.08,2687.89,2688.47,5.2836,1.0
ETHUSDT,2026-09-26 13:00:00+00:00,2688.97,2691.67,2683.57,2686.71,5.6937,1.0
ETHUSDT,2026-09-26 14:00:00+00:00,2686.0,2689.57,2685.68,2689.57,2.7749,1.0
ETHUSDT,2026-09-26 15:00:00+00:00,2689.54,2695.23,2689.51,2692.95,15.3624,1.0
ETHUSDT,2026-09-26 16:00:00+00:00,2691.93,2692.29,2690.06,2690.77,1.7196,1.0
ETHUSDT,2026-09-26 17:00:00+00:00,2690.64,2690.66,2687.01,2689.43,3.1333,1.0
ETHUSDT,2026-09-26 18:00:00+00:00,2689.8,2690.66,2683.98,2684.56,1.269,1.0
ETHUSDT,2026-09-26 19:00:00+00:00,2685.41,2686.21,2683.0,2684.04,2.567,1.0
ETHUSDT,2026-09-26 20:00:00+00:00,2684.24,2684.24,2665.26,2675.26,9.7335,1.0
ETHUSDT,2026-09-26 21:00:00+00:00,2676.5,2693.33,2676.16,2685.73,6.3023,1.0
ETHUSDT,2026-09-26 22:00:00+00:00,2686.6,2692.47,2685.83,2688.67,6.9508,1.0
ETHUSDT,2026-09-26 23:00:00+00:00,2689.7,2696.17,2689.7,2696.17,9.3794,1.0
ETHUSDT,2026-09-27 00:00:00+00:00,2696.07,2696.07,2691.9,2694.04,0.3044,1.0
ETHUSDT,2026-09-27 01:00:00+00:00,2693.95,2705.07,2690.74,2701.23,23.9955,1.0
ETHUSDT,2026-09-27 02:00:00+00:00,2701.32,2705.16,2697.66,2697.79,5.9866,1.0
ETHUSDT,2026-09-27 03:00:00+00:00,2698.18,2700.79,2696.6,2697.23,3.663,1.0
ETHUSDT,2026-09-27 04:00:00+00:00,2695.23,2700.14,2691.88,2692.69,3.9833,1.0
ETHUSDT,2026-09-27 05:00:00+00:00,2692.05,2711.71,2692.05,2705.09,8.709,1.0
ETHUSDT,2026-09-27 06:00:00+00:00,2705.62,2710.93,2705.49,2707.02,5.2676,1.0
ETHUSDT,2026-09-27 07:00:00+00:00,2706.66,2718.65,2705.71,2718.65,14.8311,1.0
ETHUSDT,2026-09-27 08:00:00+00:00,2718.51,2723.15,2714.56,2714.56,9.0296,1.0
ETHUSDT,2026-09-27 09:00:00+00:00,2712.95,2716.85,2706.68,2715.35,6.4261,1.0
ETHUSDT,2026-09-27 10:00:00+00:00,2715.66,2718.3,2709.82,2710.26,4.7079,1.0
ETHUSDT,2026-09-27 11:00:00+00:00,2710.05,2711.48,2707.25,2709.97,4.5459,1.0
ETHUSDT,2026-09-27 12:00:00+00:00,2709.6,2715.59,2709.6,2710.1,3.5549,1.0
ETHUSDT,2026-09-27 13:00:00+00:00,2707.28,2714.32,2699.07,2709.59,8.1469,1.0
ETHUSDT,2026-09-27 14:00:00+00:00,2709.85,2709.86,2684.39,2689.28,13.8907,1.0
ETHUSDT,2026-09-27 15:00:00+00:00,2687.97,2693.54,2683.35,2689.88,8.1034,1.0
ETHUSDT,2026-09-27 16:00:00+00:00,2690.23,2695.6,2686.08,2686.49,4.9188,1.0
ETHUSDT,2026-09-27 17:00:00+00:00,2686.33,2691.71,2686.33,2691.71,3.5619,1.0
ETHUSDT,2026-09-27 18:00:00+00:00,2690.92,2699.6,2690.46,2697.26,4.2817,1.0
ETHUSDT,2026-09-27 19:00:00+00:00,2698.34,2698.34,2690.88,2692.51,7.059,1.0
ETHUSDT,2026-09-27 20:00:00+00:00,2694.13,2695.67,2686.09,2686.17,3.8514,1.0
ETHUSDT,2026-09-27 21:00:00+00:00,2687.29,2693.04,2676.85,2684.69,8.2909,1.0
ETHUSDT,2026-09-27 22:00:00+00:00,2684.4,2685.74,2670.12,2676.01,6.2399,1.0
ETHUSDT,2026-09-27 23:00:00+00:00,2675.56,2691.23,2675.38,2688.74,11.872,1.0
ETHUSDT,2026-09-28 00:00:00+00:00,2688.66,2703.11,2672.95,2674.9,17.608,1.0
ETHUSDT,2026-09-28 01:00:00+00:00,2674.11,2679.55,2650.65,2657.6,20.9427,1.0
ETHUSDT,2026-09-28 02:00:00+00:00,2655.92,2661.24,2649.0,2653.02,12.9052,1.0
ETHUSDT,2026-09-28 03:00:00+00:00,2653.47,2656.92,2642.64,2652.11,11.3964,1.0
ETHUSDT,2026-09-28 04:00:00+00:00,2651.87,2660.09,2648.49,2658.93,2.0153,1.0
ETHUSDT,2026-09-28 05:00:00+00:00,2659.93,2660.61,2636.24,2650.34,8.8889,1.0
ETHUSDT,2026-09-28 06:00:00+00:00,2650.81,2656.18,2647.4,2648.57,7.2498,1.0
ETHUSDT,2026-09-28 07:00:00+00:00,2650.52,2656.25,2642.9,2644.67,8.5616,1.0
ETHUSDT,2026-09-28 08:00:00+00:00,2649.57,2652.44,2643.26,2651.35,15.5254,1.0
ETHUSDT,2026-09-28 09:00:00+00:00,2651.51,2654.43,2638.09,2639.21,5.9419,1.0
ETHUSDT,2026-09-28 10:00:00+00:00,2641.32,2658.75,2641.32,2656.68,16.9989,1.0
ETHUSDT,2026-09-28 11:00:00+00:00,2658.56,2668.76,2657.73,2667.88,8.5538,1.0
ETHUSDT,2026-09-28 12:00:00+00:00,2668.72,2693.27,2665.96,2690.09,39.3612,1.0
ETHUSDT,2026-09-28 13:00:00+00:00,2689.24,2698.59,2681.97,2690.72,28.9704,1.0
ETHUSDT,2026-09-28 14:00:00+00:00,2689.5,2689.5,2652.47,2666.79,20.7496,1.0
ETHUSDT,2026-09-28 15:00:00+00:00,2668.92,2680.07,2655.55,2678.92,15.0765,1.0
ETHUSDT,2026-09-28 16:00:00+00:00,2678.1,2697.82,2671.92,2686.55,29.1004,1.0
ETHUSDT,2026-09-28 17:00:00+00:00,2686.0,2720.0,2682.28,2696.0,26.7025,1.0
ETHUSDT,2026-09-28 18:00:00+00:00,2695.49,2699.52,2688.29,2698.45,18.8254,1.0
ETHUSDT,2026-09-28 19:00:00+00:00,2699.56,2699.56,2665.68,2674.57,7.9386,1.0
ETHUSDT,2026-09-28 20:00:00+00:00,2673.29,2685.86,2673.29,2681.06,3.4146,1.0
ETHUSDT,2026-09-28 21:00:00+00:00,2686.28,2689.33,2674.46,2674.68,5.9665,1.0
ETHUSDT,2026-09-28 22:00:00+00:00,2671.89,2687.69,2668.31,2687.69,13.8245,1.0
ETHUSDT,2026-09-28 23:00:00+00:00,2687.65,2693.28,2685.74,2690.9,4.7926,1.0
ETHUSDT,2026-09-29 00:00:00+00:00,2689.05,2694.75,2679.98,2681.62,8.0996,1.0
ETHUSDT,2026-09-29 01:00:00+00:00,2676.41,2679.88,2658.07,2665.92,19.0971,1.0
ETHUSDT,2026-09-29 02:00:00+00:00,2665.72,2667.34,2652.95,2658.25,17.3305,1.0
ETHUSDT,2026-09-29 03:00:00+00:00,2657.53,2668.71,2656.35,2665.38,3.4142,1.0
ETHUSDT,2026-09-29 04:00:00+00:00,2665.34,2671.67,2662.93,2668.31,2.8824,1.0
ETHUSDT,2026-09-29 05:00:00+00:00,2670.24,2677.58,2656.39,2676.36,11.0752,1.0
ETHUSDT,2026-09-29 06:00:00+00:00,2677.89,2707.99,2677.76,2706.67,49.664,1.0
ETHUSDT,2026-09-29 07:00:00+00:00,2705.82,2718.07,2700.96,2710.19,12.7312,1.0
ETHUSDT,2026-09-29 08:00:00+00:00,2715.02,2734.47,2706.84,2706.86,21.2525,1.0
ETHUSDT,2026-09-29 09:00:00+00:00,2708.44,2720.02,2702.87,2719.0,26.2882,1.0
ETHUSDT,2026-09-29 10:00:00+00:00,2717.45,2720.37,2711.14,2714.72,8.7901,1.0
ETHUSDT,2026-09-29 11:00:00+00:00,2715.19,2737.8,2715.19,2733.72,21.3719,1.0
ETHUSDT,2026-09-29 12:00:00+00:00,2732.27,2748.0,2729.8,2736.73,24.2568,1.0
ETHUSDT,2026-09-29 13:00:00+00:00,2737.83,2740.57,2722.16,2727.48,18.6727,1.0
ETHUSDT,2026-09-29 14:00:00+00:00,2726.92,2731.23,2708.77,2712.24,18.0129,1.0
ETHUSDT,2026-09-29 15:00:00+00:00,2711.07,2711.13,2668.91,2670.27,31.1124,1.0
ETHUSDT,2026-09-29 16:00:00+00:00,2674.91,2684.29,2669.08,2671.77,12.548,1.0
ETHUSDT,2026-09-29 17:00:00+00:00,2674.94,2679.3,2670.85,2670.85,5.6393,1.0
ETHUSDT,2026-09-29 18:00:00+00:00,2674.28,2696.93,2674.28,2695.39,16.4939,1.0
ETHUSDT,2026-09-29 19:00:00+00:00,2696.15,2699.53,2687.45,2691.13,15.6768,1.0
ETHUSDT,2026-09-29 20:00:00+00:00,2689.85,2694.25,2688.45,2689.8,5.9394,1.0
ETHUSDT,2026-09-29 21:00:00+00:00,2689.22,2690.58,2677.72,2678.86,14.4844,1.0
ETHUSDT,2026-09-29 22:00:00+00:00,2679.31,2685.49,2676.19,2682.39,9.3254,1.0
ETHUSDT,2026-09-29 23:00:00+00:00,2682.02,2688.47,2676.16,2678.29,9.8101,1.0
ETHUSDT,2026-09-30 00:00:00+00:00,2678.77,2679.38,2668.37,2672.54,6.5761,1.0
ETHUSDT,2026-09-30 01:00:00+00:00,2671.71,2675.19,2668.89,2671.67,9.6241,1.0
ETHUSDT,2026-09-30 02:00:00+00:00,2673.67,2677.64,2666.37,2674.33,10.0339,1.0
ETHUSDT,2026-09-30 03:00:00+00:00,2674.94,2676.13,2669.09,2670.68,10.3021,1.0
ETHUSDT,2026-09-30 04:00:00+00:00,2671.03,2676.42,2671.03,2673.06,5.2715,1.0
ETHUSDT,2026-09-30 05:00:00+00:00,2670.39,2679.8,2667.9,2672.36,9.5866,1.0
ETHUSDT,2026-09-30 06:00:00+00:00,2675.35,2675.35,2657.81,2663.48,10.8319,1.0
ETHUSDT,2026-09-30 07:00:00+00:00,2661.21,2677.89,2660.21,2677.44,6.6744,1.0
ETHUSDT,2026-09-30 08:00:00+00:00,2673.11,2673.11,2666.77,2671.89,2.8814,1.0
ETHUSDT,2026-09-30 09:00:00+00:00,2676.04,2698.53,2675.72,2690.29,23.1042,1.0
ETHUSDT,2026-09-30 10:00:00+00:00,2689.17,2697.35,2689.17,2695.33,12.9862,1.0
ETHUSDT,2026-09-30 11:00:00+00:00,2695.22,2700.0,2688.07,2695.35,15.4323,1.0
ETHUSDT,2026-09-30 12:00:00+00:00,2698.61,2737.64,2693.43,2732.72,65.0611,1.0
ETHUSDT,2026-09-30 13:00:00+00:00,2731.87,2737.68,2690.21,2708.83,72.4384,1.0
ETHUSDT,2026-09-30 14:00:00+00:00,2709.76,2712.5,2668.52,2679.4,55.0286,1.0
ETHUSDT,2026-09-30 15:00:00+00:00,2677.98,2688.53,2672.34,2686.16,15.549,1.0
ETHUSDT,2026-09-30 16:00:00+00:00,2682.87,2695.42,2682.87,2694.95,4.5413,1.0
ETHUSDT,2026-09-30 17:00:00+00:00,2694.77,2697.36,2677.07,2681.11,17.5226,1.0
ETHUSDT,2026-09-30 18:00:00+00:00,2684.03,2684.41,2674.52,2677.85,9.7837,1.0
ETHUSDT,2026-09-30 19:00:00+00:00,2679.5,2680.58,2668.91,2669.17,3.9027,1.0
ETHUSDT,2026-09-30 20:00:00+00:00,2669.75,2682.47,2669.75,2682.47,5.6293,1.0
ETHUSDT,2026-09-30 21:00:00+00:00,2683.89,2685.91,2682.04,2685.18,5.1518,1.0
ETHUSDT,2026-09-30 22:00:00+00:00,2684.54,2692.48,2678.59,2689.24,10.6201,1.0
ETHUSDT,2026-09-30 23:00:00+00:00,2689.18,2693.4,2686.02,2687.88,11.7984,1.0
ETHUSDT,2026-10-01 00:00:00+00:00,2685.87,2686.94,2679.48,2686.43,5.4722,1.0
ETHUSDT,2026-10-01 01:00:00+00:00,2685.32,2693.11,2684.67,2690.99,14.4401,1.0
ETHUSDT,2026-10-01 02:00:00+00:00,2691.16,2694.55,2684.51,2687.36,8.1671,1.0
ETHUSDT,2026-10-01 03:00:00+00:00,2687.78,2696.52,2685.05,2696.52,10.9282,1.0
ETHUSDT,2026-10-01 04:00:00+00:00,2696.15,2711.62,2693.64,2706.46,12.6833,1.0
ETHUSDT,2026-10-01 05:00:00+00:00,2707.37,2719.69,2705.39,2718.95,7.6944,1.0
ETHUSDT,2026-10-01 06:00:00+00:00,2718.06,2721.88,2712.13,2715.96,7.2543,1.0
ETHUSDT,2026-10-01 07:00:00+00:00,2714.76,2720.28,2675.32,2677.76,20.8736,1.0
ETHUSDT,2026-10-01 08:00:00+00:00,2678.28,2687.37,2673.47,2686.63,9.6023,1.0
ETHUSDT,2026-10-01 09:00:00+00:00,2687.38,2697.08,2687.38,2692.0,5.3823,1.0
ETHUSDT,2026-10-01 10:00:00+00:00,2691.26,2705.97,2677.42,2701.32,9.986,1.0
ETHUSDT,2026-10-01 11:00:00+00:00,2700.81,2707.86,2695.7,2707.19,19.0856,1.0
ETHUSDT,2026-10-01 12:00:00+00:00,2707.42,2710.8,2689.25,2690.78,21.4226,1.0
ETHUSDT,2026-10-01 13:00:00+00:00,2693.03,2701.91,2684.21,2698.14,17.2077,1.0
ETHUSDT,2026-10-01 14:00:00+00:00,2695.85,2704.35,2682.89,2688.01,82.565,1.0
ETHUSDT,2026-10-01 15:00:00+00:00,2689.85,2695.92,2674.42,2685.12,25.5044,1.0
ETHUSDT,2026-10-01 16:00:00+00:00,2682.76,2694.0,2679.47,2679.85,17.019,1.0
ETHUSDT,2026-10-01 17:00:00+00:00,2681.01,2712.25,2681.01,2700.22,34.8457,1.0
ETHUSDT,2026-10-01 18:00:00+00:00,2697.76,2714.09,2694.18,2699.51,33.3372,1.0
ETHUSDT,2026-10-01 19:00:00+00:00,2700.68,2705.77,2693.8,2700.21,11.0439,1.0
ETHUSDT,2026-10-01 20:00:00+00:00,2703.81,2704.65,2696.84,2698.55,14.2263,1.0
ETHUSDT,2026-10-01 21:00:00+00:00,2698.72,2699.02,2690.81,2694.22,8.6587,1.0
ETHUSDT,2026-10-01 22:00:00+00:00,2695.67,2704.02,2695.67,2702.79,8.4723,1.0
ETHUSDT,2026-10-01 23:00:00+00:00,2701.27,2707.23,2699.76,2705.78,6.1048,1.0
ETHUSDT,2026-10-02 00:00:00+00:00,2704.98,2709.09,2701.39,2708.69,13.7692,1.0
ETHUSDT,2026-10-02 01:00:00+00:00,2706.4,2718.52,2699.63,2716.13,57.8153,1.0
ETHUSDT,2026-10-02 02:00:00+00:00,2716.42,2722.86,2710.52,2720.67,17.9851,1.0
ETHUSDT,2026-10-02 03:00:00+00:00,2721.97,2727.28,2715.13,2719.57,12.1599,1.0
ETHUSDT,2026-10-02 04:00:00+00:00,2719.53,2747.92,2715.39,2740.55,33.7682,1.0
ETHUSDT,2026-10-02 05:00:00+00:00,2741.15,2741.15,2714.08,2720.26,14.2004,1.0
ETHUSDT,2026-10-02 06:00:00+00:00,2722.87,2733.26,2722.87,2729.9,21.6349,1.0
ETHUSDT,2026-10-02 07:00:00+00:00,2727.72,2740.18,2723.83,2736.16,22.0251,1.0
ETHUSDT,2026-10-02 08:00:00+00:00,2737.86,2776.85,2737.86,2755.19,41.8363,1.0
ETHUSDT,2026-10-02 09:00:00+00:00,2751.97,2753.54,2744.39,2747.58,23.0711,1.0
ETHUSDT,2026-10-02 10:00:00+00:00,2749.04,2752.85,2737.47,2744.21,15.6194,1.0
ETHUSDT,2026-10-02 11:00:00+00:00,2743.79,2751.37,2741.96,2748.53,7.522,1.0
ETHUSDT,2026-10-02 12:00:00+00:00,2746.87,2765.51,2738.95,2754.94,56.638,1.0
ETHUSDT,2026-10-02 13:00:00+00:00,2754.76,2769.56,2743.2,2746.56,22.3361,1.0
ETHUSDT,2026-10-02 14:00:00+00:00,2744.15,2750.08,2699.48,2710.37,40.3344,1.0
ETHUSDT,2026-10-02 15:00:00+00:00,2709.83,2710.31,2692.7,2696.78,52.397,1.0
ETHUSDT,2026-10-02 16:00:00+00:00,2698.6,2703.24,2687.06,2690.28,16.9744,1.0
ETHUSDT,2026-10-02 17:00:00+00:00,2690.33,2692.39,2678.22,2684.65,54.0586,1.0
ETHUSDT,2026-10-02 18:00:00+00:00,2683.96,2688.55,2651.65,2664.28,73.4871,1.0
ETHUSDT,2026-10-02 19:00:00+00:00,2668.7,2671.18,2657.67,2667.85,14.1054,1.0
ETHUSDT,2026-10-02 20:00:00+00:00,2668.6,2670.3,2659.44,2662.74,5.6789,1.0
ETHUSDT,2026-10-02 21:00:00+00:00,2661.35,2665.2,2658.0,2665.2,4.478,1.0
ETHUSDT,2026-10-02 22:00:00+00:00,2665.97,2667.41,2661.2,2667.41,4.8149,1.0
ETHUSDT,2026-10-02 23:00:00+00:00,2667.0,2670.0,2665.89,2670.0,2.3844,1.0
ETHUSDT,2026-10-03 00:00:00+00:00,2667.79,2678.45,2665.81,2676.66,11.653,1.0
ETHUSDT,2026-10-03 01:00:00+00:00,2675.56,2684.02,2674.88,2678.87,12.0631,1.0
ETHUSDT,2026-10-03 02:00:00+00:00,2679.09,2682.7,2676.78,2680.25,9.0706,1.0
ETHUSDT,2026-10-03 03:00:00+00:00,2677.22,2681.7,2676.89,2681.55,4.9135,1.0
ETHUSDT,2026-10-03 04:00:00+00:00,2682.79,2682.79,2673.11,2675.54,2.898,1.0
ETHUSDT,2026-10-03 05:00:00+00:00,2674.25,2677.54,2674.05,2676.56,1.6683,1.0
ETHUSDT,2026-10-03 06:00:00+00:00,2678.27,2682.48,2677.26,2681.19,7.5035,1.0
ETHUSDT,2026-10-03 07:00:00+00:00,2680.23,2683.47,2677.96,2682.87,7.8354,1.0
ETHUSDT,2026-10-03 08:00:00+00:00,2681.92,2683.99,2678.55,2683.66,3.0961,1.0
ETHUSDT,2026-10-03 09:00:00+00:00,2683.48,2686.87,2682.08,2682.08,12.8493,1.0
ETHUSDT,2026-10-03 10:00:00+00:00,2680.95,2685.33,2680.95,2685.33,1.1052,1.0
ETHUSDT,2026-10-03 11:00:00+00:00,2683.36,2686.28,2682.02,2685.62,7.2594,1.0
ETHUSDT,2026-10-03 12:00:00+00:00,2684.7,2687.04,2682.7,2682.87,5.3285,1.0
ETHUSDT,2026-10-03 13:00:00+00:00,2682.0,2682.05,2678.9,2680.85,1.5433,1.0
ETHUSDT,2026-10-03 14:00:00+00:00,2681.85,2682.48,2679.0,2682.48,0.3254,1.0
ETHUSDT,2026-10-03 15:00:00+00:00,2682.47,2682.47,2680.49,2681.51,6.1744,1.0
ETHUSDT,2026-10-03 16:00:00+00:00,2681.73,2682.38,2679.09,2681.54,2.2085,1.0
ETHUSDT,2026-10-03 17:00:00+00:00,2682.47,2689.58,2682.47,2689.49,11.3545,1.0
ETHUSDT,2026-10-03 18:00:00+00:00,2688.47,2689.62,2684.4,2685.07,2.7637,1.0
ETHUSDT,2026-10-03 19:00:00+00:00,2684.75,2685.5,2681.65,2685.5,3.1347,1.0
ETHUSDT,2026-10-03 20:00:00+00:00,2686.8,2688.97,2686.61,2686.61,7.7668,1.0
ETHUSDT,2026-10-03 21:00:00+00:00,2687.61,2687.69,2684.3,2685.13,2.8797,1.0
ETHUSDT,2026-10-03 22:00:00+00:00,2684.87,2689.35,2684.75,2686.26,12.8297,1.0
ETHUSDT,2026-10-03 23:00:00+00:00,2686.77,2688.64,2685.09,2687.93,3.3641,1.0
ETHUSDT,2026-10-04 00:00:00+00:00,2687.29,2693.53,2686.78,2691.67,15.5088,1.0
ETHUSDT,2026-10-04 01:00:00+00:00,2693.48,2694.92,2690.59,2694.69,3.8489,1.0
ETHUSDT,2026-10-04 02:00:00+00:00,2695.95,2695.98,2692.1,2692.79,5.6042,1.0
ETHUSDT,2026-10-04 03:00:00+00:00,2692.33,2696.79,2692.33,2694.62,4.22,1.0
ETHUSDT,2026-10-04 04:00:00+00:00,2694.71,2695.0,2691.69,2692.03,1.7446,1.0
ETHUSDT,2026-10-04 05:00:00+00:00,2693.06,2697.82,2693.06,2695.05,5.2579,1.0
ETHUSDT,2026-10-04 06:00:00+00:00,2695.05,2696.94,2691.28,2696.94,5.0665,1.0
ETHUSDT,2026-10-04 07:00:00+00:00,2695.82,2706.59,2692.48,2706.14,15.8402,1.0
ETHUSDT,2026-10-04 08:00:00+00:00,2706.91,2706.91,2698.29,2699.48,4.1672,1.0
ETHUSDT,2026-10-04 09:00:00+00:00,2699.16,2706.14,2699.16,2702.29,9.7169,1.0
ETHUSDT,2026-10-04 10:00:00+00:00,2701.7,2706.9,2701.53,2703.73,11.8895,1.0
ETHUSDT,2026-10-04 11:00:00+00:00,2700.95,2704.11,2700.3,2700.3,7.7621,1.0
ETHUSDT,2026-10-04 12:00:00+00:00,2700.18,2702.64,2695.38,2695.38,6.2223,1.0
ETHUSDT,2026-10-04 13:00:00+00:00,2695.25,2701.1,2695.06,2700.0,18.4232,1.0
ETHUSDT,2026-10-04 14:00:00+00:00,2698.11,2698.83,2693.04,2696.27,1.5203,1.0
ETHUSDT,2026-10-04 15:00:00+00:00,2698.86,2704.18,2696.88,2700.03,8.8713,1.0
ETHUSDT,2026-10-04 16:00:00+00:00,2699.11,2706.56,2696.41,2703.11,12.7022,1.0
ETHUSDT,2026-10-04 17:00:00+00:00,2702.69,2704.87,2702.11,2702.11,4.3423,1.0
ETHUSDT,2026-10-04 18:00:00+00:00,2701.61,2701.95,2700.75,2701.8,2.242,1.0
ETHUSDT,2026-10-04 19:00:00+00:00,2700.98,2705.42,2700.98,2701.74,11.2331,1.0
ETHUSDT,2026-10-04 20:00:00+00:00,2701.17,2706.62,2699.78,2705.82,15.6078,1.0
ETHUSDT,2026-10-04 21:00:00+00:00,2705.5,2709.95,2701.33,2701.65,15.1585,1.0
ETHUSDT,2026-10-04 22:00:00+00:00,2702.51,2736.46,2702.51,2730.02,35.0591,1.0
ETHUSDT,2026-10-04 23:00:00+00:00,2731.42,2739.16,2725.83,2726.31,34.1014,1.0
ETHUSDT,2026-10-05 00:00:00+00:00,2726.38,2731.03,2718.25,2730.17,9.9442,1.0
ETHUSDT,2026-10-05 01:00:00+00:00,2729.62,2732.79,2722.53,2724.64,27.0277,1.0
ETHUSDT,2026-10-05 02:00:00+00:00,2725.05,2737.06,2725.05,2733.94,37.1417,1.0
ETHUSDT,2026-10-05 03:00:00+00:00,2730.6,2730.6,2714.54,2716.72,10.846,1.0
ETHUSDT,2026-10-05 04:00:00+00:00,2716.24,2717.42,2698.58,2702.97,30.4129,1.0
ETHUSDT,2026-10-05 05:00:00+00:00,2701.94,2707.56,2695.78,2703.8,6.1713,1.0
ETHUSDT,2026-10-05 06:00:00+00:00,2707.4,2728.03,2707.4,2724.9,9.985,1.0
ETHUSDT,2026-10-05 07:00:00+00:00,2725.1,2730.24,2721.34,2725.69,18.5708,1.0
ETHUSDT,2026-10-05 08:00:00+00:00,2726.46,2734.39,2714.35,2718.61,32.6996,1.0
ETHUSDT,2026-10-05 09:00:00+00:00,2720.44,2721.14,2716.88,2717.42,4.3806,1.0
ETHUSDT,2026-10-05 10:00:00+00:00,2718.36,2720.69,2713.1,2717.91,7.2571,1.0
ETHUSDT,2026-10-05 11:00:00+00:00,2715.38,2723.11,2711.64,2719.94,11.8535,1.0
ETHUSDT,2026-10-05 12:00:00+00:00,2717.38,2720.49,2709.78,2710.73,12.5563,1.0
ETHUSDT,2026-10-05 13:00:00+00:00,2712.29,2725.47,2712.29,2723.13,16.2951,1.0
ETHUSDT,2026-10-05 14:00:00+00:00,2722.78,2729.9,2697.61,2704.21,37.9538,1.0
ETHUSDT,2026-10-05 15:00:00+00:00,2704.07,2705.29,2696.01,2697.1,16.9319,1.0
ETHUSDT,2026-10-05 16:00:00+00:00,2697.19,2705.06,2679.84,2696.67,85.7418,1.0
ETHUSDT,2026-10-05 17:00:00+00:00,2696.38,2706.3,2693.55,2706.3,11.1063,1.0
ETHUSDT,2026-10-05 18:00:00+00:00,2705.69,2710.58,2704.99,2710.22,17.7498,1.0
ETHUSDT,2026-10-05 19:00:00+00:00,2708.88,2712.79,2706.74,2708.88,8.8833,1.0
ETHUSDT,2026-10-05 20:00:00+00:00,2709.83,2715.27,2707.41,2713.08,15.4871,1.0
ETHUSDT,2026-10-05 21:00:00+00:00,2712.13,2718.43,2710.82,2717.92,7.9144,1.0
ETHUSDT,2026-10-05 22:00:00+00:00,2718.64,2721.53,2715.0,2716.0,54.6996,1.0
ETHUSDT,2026-10-05 23:00:00+00:00,2716.94,2718.62,2710.32,2711.97,6.5547,1.0
ETHUSDT,2026-10-06 00:00:00+00:00,2710.93,2718.44,2710.93,2718.44,4.2825,1.0
ETHUSDT,2026-10-06 01:00:00+00:00,2719.43,2723.43,2706.9,2707.43,9.9261,1.0
ETHUSDT,2026-10-06 02:00:00+00:00,2707.46,2710.49,2700.91,2701.82,9.6713,1.0
ETHUSDT,2026-10-06 03:00:00+00:00,2702.28,2703.59,2693.72,2699.62,6.7477,1.0
ETHUSDT,2026-10-06 04:00:00+00:00,2699.12,2704.13,2699.12,2702.3,5.0348,1.0
ETHUSDT,2026-10-06 05:00:00+00:00,2702.52,2706.28,2699.54,2699.54,8.6726,1.0
ETHUSDT,2026-10-06 06:00:00+00:00,2696.28,2697.51,2691.16,2697.51,1.2059,1.0
ETHUSDT,2026-10-06 07:00:00+00:00,2697.44,2709.16,2696.5,2709.04,8.2944,1.0
ETHUSDT,2026-10-06 08:00:00+00:00,2708.89,2716.0,2708.89,2715.26,10.0306,1.0
ETHUSDT,2026-10-06 09:00:00+00:00,2716.75,2718.17,2695.93,2710.49,31.6097,1.0
ETHUSDT,2026-10-06 10:00:00+00:00,2710.62,2717.44,2710.62,2713.4,11.3843,1.0
ETHUSDT,2026-10-06 11:00:00+00:00,2714.72,2717.06,2710.97,2715.01,6.5515,1.0
ETHUSDT,2026-10-06 12:00:00+00:00,2715.02,2717.65,2707.23,2716.29,11.9065,1.0
ETHUSDT,2026-10-06 13:00:00+00:00,2715.13,2719.53,2710.16,2715.58,22.9584,1.0
ETHUSDT,2026-10-06 14:00:00+00:00,2714.03,2722.77,2706.68,2722.47,25.3219,1.0
ETHUSDT,2026-10-06 15:00:00+00:00,2722.82,2724.36,2702.58,2702.97,29.8331,1.0
ETHUSDT,2026-10-06 16:00:00+00:00,2701.75,2707.1,2696.95,2696.95,39.6227,1.0
ETHUSDT,2026-10-06 17:00:00+00:00,2695.55,2699.14,2692.66,2698.51,10.8759,1.0
ETHUSDT,2026-10-06 18:00:00+00:00,2699.81,2702.3,2689.93,2692.29,5.1856,1.0
ETHUSDT,2026-10-06 19:00:00+00:00,2690.44,2690.44,2684.16,2688.79,3.1632,1.0
SOLUSDT,2026-08-31 13:00:00+00:00,103.31,103.47,102.22,102.45,177.39,2.0
SOLUSDT,2026-08-31 14:00:00+00:00,102.57,103.83,102.47,103.6,182.687,2.0
SOLUSDT,2026-08-31 15:00:00+00:00,103.52,103.52,102.82,102.82,361.493,2.0
SOLUSDT,2026-08-31 16:00:00+00:00,102.8,103.24,102.49,102.96,402.503,2.0
SOLUSDT,2026-08-31 17:00:00+00:00,102.83,103.73,102.65,103.63,519.576,2.0
SOLUSDT,2026-08-31 18:00:00+00:00,103.6,104.93,103.41,104.49,504.626,2.0
SOLUSDT,2026-08-31 19:00:00+00:00,104.49,104.76,103.54,103.71,389.982,2.0
SOLUSDT,2026-08-31 20:00:00+00:00,103.62,104.25,103.57,103.72,255.011,2.0
SOLUSDT,2026-08-31 21:00:00+00:00,103.7,103.98,103.29,103.68,223.865,2.0
SOLUSDT,2026-08-31 22:00:00+00:00,103.57,103.57,103.13,103.27,83.256,2.0
SOLUSDT,2026-08-31 23:00:00+00:00,103.08,103.2,102.93,103.0,260.793,2.0
SOLUSDT,2026-09-01 00:00:00+00:00,102.97,103.52,102.97,103.13,455.524,2.0
SOLUSDT,2026-09-01 01:00:00+00:00,103.19,103.49,102.84,103.2,105.182,2.0
SOLUSDT,2026-09-01 02:00:00+00:00,103.19,103.33,102.84,103.33,70.435,2.0
SOLUSDT,2026-09-01 03:00:00+00:00,103.4,104.17,103.28,103.7,292.004,2.0
SOLUSDT,2026-09-01 04:00:00+00:00,103.67,104.0,103.56,103.57,133.017,2.0
SOLUSDT,2026-09-01 05:00:00+00:00,103.82,104.38,103.82,104.3,269.536,2.0
SOLUSDT,2026-09-01 06:00:00+00:00,104.28,104.29,103.48,103.48,140.947,2.0
SOLUSDT,2026-09-01 07:00:00+00:00,103.5,103.52,102.86,103.16,199.7,2.0
SOLUSDT,2026-09-01 08:00:00+00:00,103.08,103.17,101.87,102.16,754.707,2.0
SOLUSDT,2026-09-01 09:00:00+00:00,102.13,102.24,101.95,102.0,72.9,2.0
SOLUSDT,2026-09-01 10:00:00+00:00,102.01,102.67,102.0,102.3,139.892,2.0
SOLUSDT,2026-09-01 11:00:00+00:00,102.3,102.57,102.2,102.32,138.617,2.0
SOLUSDT,2026-09-01 12:00:00+00:00,102.24,102.45,101.55,101.93,215.485,2.0
SOLUSDT,2026-09-01 13:00:00+00:00,101.91,102.45,101.4,101.87,741.579,2.0
SOLUSDT,2026-09-01 14:00:00+00:00,101.98,102.57,101.94,101.99,151.208,2.0
SOLUSDT,2026-09-01 15:00:00+00:00,101.92,102.33,101.03,102.29,2163.2,2.0
SOLUSDT,2026-09-01 16:00:00+00:00,102.05,102.05,100.74,100.95,370.8,2.0
SOLUSDT,2026-09-01 17:00:00+00:00,100.92,101.2,100.5,100.56,230.649,2.0
SOLUSDT,2026-09-01 18:00:00+00:00,100.58,100.68,98.39,99.49,1185.271,2.0
SOLUSDT,2026-09-01 19:00:00+00:00,99.67,100.25,99.6,100.01,475.439,2.0
SOLUSDT,2026-09-01 20:00:00+00:00,100.01,100.34,99.7,100.03,449.433,2.0
SOLUSDT,2026-09-01 21:00:00+00:00,100.09,100.23,99.04,99.5,328.499,2.0
SOLUSDT,2026-09-01 22:00:00+00:00,99.68,99.9,99.33,99.7,480.955,2.0
SOLUSDT,2026-09-01 23:00:00+00:00,99.67,100.2,99.67,100.15,263.184,2.0
SOLUSDT,2026-09-02 00:00:00+00:00,100.0,100.14,99.66,99.78,45.889,2.0
SOLUSDT,2026-09-02 01:00:00+00:00,99.61,99.95,98.57,99.04,262.451,2.0
SOLUSDT,2026-09-02 02:00:00+00:00,99.14,99.92,98.79,99.92,333.647,2.0
SOLUSDT,2026-09-02 03:00:00+00:00,99.88,100.68,99.88,100.18,261.108,2.0
SOLUSDT,2026-09-02 04:00:00+00:00,100.19,100.19,99.74,100.07,151.184,2.0
SOLUSDT,2026-09-02 05:00:00+00:00,100.03,100.37,99.86,100.22,297.147,2.0
SOLUSDT,2026-09-02 06:00:00+00:00,100.32,100.34,99.74,99.95,253.431,2.0
SOLUSDT,2026-09-02 07:00:00+00:00,100.17,100.31,99.89,99.89,53.027,2.0
SOLUSDT,2026-09-02 08:00:00+00:00,99.75,99.98,98.87,99.01,51.285,2.0
SOLUSDT,2026-09-02 09:00:00+00:00,99.19,99.3,98.29,98.63,332.479,2.0
SOLUSDT,2026-09-02 10:00:00+00:00,98.5,98.52,97.54,98.12,1087.303,2.0
SOLUSDT,2026-09-02 11:00:00+00:00,98.17,98.17,97.42,98.05,81.99,2.0
SOLUSDT,2026-09-02 12:00:00+00:00,98.08,98.45,97.75,97.75,124.21,2.0
SOLUSDT,2026-09-02 13:00:00+00:00,97.79,99.58,97.79,99.1,139.995,2.0
SOLUSDT,2026-09-02 14:00:00+00:00,99.1,99.74,98.96,98.96,95.065,2.0
SOLUSDT,2026-09-02 15:00:00+00:00,98.9,99.47,98.49,99.09,232.044,2.0
SOLUSDT,2026-09-02 16:00:00+00:00,99.14,99.75,98.81,98.81,671.485,2.0
SOLUSDT,2026-09-02 17:00:00+00:00,98.92,99.27,98.25,99.27,304.78,2.0
SOLUSDT,2026-09-02 18:00:00+00:00,99.3,99.6,99.22,99.5,169.993,2.0
SOLUSDT,2026-09-02 19:00:00+00:00,99.6,99.6,99.1,99.35,74.731,2.0
SOLUSDT,2026-09-02 20:00:00+00:00,99.4,100.01,99.36,99.69,530.983,2.0
SOLUSDT,2026-09-02 21:00:00+00:00,99.67,99.8,99.46,99.65,90.796,2.0
SOLUSDT,2026-09-02 22:00:00+00:00,99.65,99.74,99.25,99.57,73.043,2.0
SOLUSDT,2026-09-02 23:00:00+00:00,99.53,100.5,99.47,100.49,108.116,2.0
SOLUSDT,2026-09-03 00:00:00+00:00,100.42,100.42,99.55,99.57,201.792,2.0
SOLUSDT,2026-09-03 01:00:00+00:00,99.53,100.57,99.27,100.34,1101.809,2.0
SOLUSDT,2026-09-03 02:00:00+00:00,100.14,101.3,100.0,101.1,589.85,2.0
SOLUSDT,2026-09-03 03:00:00+00:00,101.08,101.17,100.24,100.56,244.321,2.0
SOLUSDT,2026-09-03 04:00:00+00:00,100.57,100.93,100.13,100.93,483.396,2.0
SOLUSDT,2026-09-03 05:00:00+00:00,100.94,101.05,99.76,100.89,383.348,2.0
SOLUSDT,2026-09-03 06:00:00+00:00,100.85,100.94,100.6,100.84,180.792,2.0
SOLUSDT,2026-09-03 07:00:00+00:00,100.92,101.36,100.3,100.33,262.245,2.0
SOLUSDT,2026-09-03 08:00:00+00:00,100.45,101.05,100.45,100.62,89.991,2.0
SOLUSDT,2026-09-03 09:00:00+00:00,100.66,100.76,100.21,100.21,278.346,2.0
SOLUSDT,2026-09-03 10:00:00+00:00,100.15,100.47,99.96,100.44,113.529,2.0
SOLUSDT,2026-09-03 11:00:00+00:00,100.49,100.94,100.35,100.85,323.262,2.0
SOLUSDT,2026-09-03 12:00:00+00:00,100.8,101.85,100.66,101.76,353.7,2.0
SOLUSDT,2026-09-03 13:00:00+00:00,101.71,102.02,101.18,101.45,455.447,2.0
SOLUSDT,2026-09-03 14:00:00+00:00,101.36,104.8,101.31,104.8,796.114,2.0
SOLUSDT,2026-09-03 15:00:00+00:00,104.83,105.62,103.84,105.15,1904.778,2.0
SOLUSDT,2026-09-03 16:00:00+00:00,104.98,104.98,103.96,104.63,754.61,2.0
SOLUSDT,2026-09-03 17:00:00+00:00,104.58,105.17,104.45,105.11,145.904,2.0
SOLUSDT,2026-09-03 18:00:00+00:00,105.09,105.23,104.68,105.23,348.094,2.0
SOLUSDT,2026-09-03 19:00:00+00:00,105.24,105.81,105.11,105.27,260.984,2.0
SOLUSDT,2026-09-03 20:00:00+00:00,105.21,105.41,104.8,105.07,147.106,2.0
SOLUSDT,2026-09-03 21:00:00+00:00,104.95,105.66,104.89,105.22,402.338,2.0
SOLUSDT,2026-09-03 22:00:00+00:00,105.19,105.19,103.72,104.2,442.988,2.0
SOLUSDT,2026-09-03 23:00:00+00:00,104.16,104.22,103.87,103.92,161.521,2.0
SOLUSDT,2026-09-04 00:00:00+00:00,103.96,104.28,103.5,103.5,549.627,2.0
SOLUSDT,2026-09-04 01:00:00+00:00,103.53,103.83,103.31,103.83,179.405,2.0
SOLUSDT,2026-09-04 02:00:00+00:00,103.79,103.79,103.36,103.46,33.988,2.0
SOLUSDT,2026-09-04 03:00:00+00:00,103.75,104.15,103.75,103.75,72.347,2.0
SOLUSDT,2026-09-04 04:00:00+00:00,103.69,104.32,103.61,103.91,231.578,2.0
SOLUSDT,2026-09-04 05:00:00+00:00,103.8,104.05,103.48,103.49,387.659,2.0
SOLUSDT,2026-09-04 06:00:00+00:00,103.7,104.0,103.4,103.59,39.733,2.0
SOLUSDT,2026-09-04 07:00:00+00:00,103.76,104.03,103.54,103.57,418.625,2.0
SOLUSDT,2026-09-04 08:00:00+00:00,103.4,104.5,103.28,104.36,982.311,2.0
SOLUSDT,2026-09-04 09:00:00+00:00,104.35,104.77,104.04,104.11,608.601,2.0
SOLUSDT,2026-09-04 10:00:00+00:00,104.01,104.11,103.59,104.11,226.377,2.0
SOLUSDT,2026-09-04 11:00:00+00:00,103.99,104.45,103.99,104.12,230.075,2.0
SOLUSDT,2026-09-04 12:00:00+00:00,104.05,104.4,100.29,101.62,2192.707,2.0
SOLUSDT,2026-09-04 13:00:00+00:00,101.42,102.23,101.09,101.78,269.525,2.0
SOLUSDT,2026-09-04 14:00:00+00:00,101.69,101.78,100.41,100.8,672.97,2.0
SOLUSDT,2026-09-04 15:00:00+00:00,100.76,101.6,100.76,101.44,260.376,2.0
SOLUSDT,2026-09-04 16:00:00+00:00,101.43,102.07,101.43,101.81,58.91,2.0
SOLUSDT,2026-09-04 17:00:00+00:00,101.8,101.8,101.11,101.11,91.705,2.0
SOLUSDT,2026-09-04 18:00:00+00:00,101.27,101.66,101.27,101.63,256.316,2.0
SOLUSDT,2026-09-04 19:00:00+00:00,101.67,101.92,101.65,101.75,226.208,2.0
SOLUSDT,2026-09-04 20:00:00+00:00,101.8,101.84,101.63,101.84,111.064,2.0
SOLUSDT,2026-09-04 21:00:00+00:00,101.84,101.84,101.52,101.59,145.696,2.0
SOLUSDT,2026-09-04 22:00:00+00:00,101.65,101.81,101.65,101.71,11.742,2.0
SOLUSDT,2026-09-04 23:00:00+00:00,101.69,101.94,101.69,101.92,34.037,2.0
SOLUSDT,2026-09-05 00:00:00+00:00,101.91,101.97,101.79,101.91,109.665,2.0
SOLUSDT,2026-09-05 01:00:00+00:00,101.83,102.13,101.77,101.96,270.592,2.0
SOLUSDT,2026-09-05 02:00:00+00:00,101.81,101.95,101.76,101.94,40.113,2.0
SOLUSDT,2026-09-05 03:00:00+00:00,101.94,101.99,101.79,101.86,94.383,2.0
SOLUSDT,2026-09-05 04:00:00+00:00,101.89,101.95,101.73,101.83,81.266,2.0
SOLUSDT,2026-09-05 05:00:00+00:00,101.75,101.85,101.66,101.85,85.353,2.0
SOLUSDT,2026-09-05 06:00:00+00:00,101.87,102.36,101.86,102.29,101.715,2.0
SOLUSDT,2026-09-05 07:00:00+00:00,102.35,102.56,102.23,102.24,38.718,2.0
SOLUSDT,2026-09-05 08:00:00+00:00,102.26,102.55,102.16,102.54,46.548,2.0
SOLUSDT,2026-09-05 09:00:00+00:00,102.59,102.77,102.58,102.59,90.884,2.0
SOLUSDT,2026-09-05 10:00:00+00:00,102.55,102.69,102.42,102.56,95.106,2.0
SOLUSDT,2026-09-05 11:00:00+00:00,102.57,102.57,102.27,102.42,68.649,2.0
SOLUSDT,2026-09-05 12:00:00+00:00,102.4,103.19,102.32,103.13,276.27,2.0
SOLUSDT,2026-09-05 13:00:00+00:00,103.21,103.33,102.7,102.71,66.171,2.0
SOLUSDT,2026-09-05 14:00:00+00:00,102.71,102.95,102.71,102.93,43.355,2.0
SOLUSDT,2026-09-05 15:00:00+00:00,102.89,102.97,102.71,102.97,78.284,2.0
SOLUSDT,2026-09-05 16:00:00+00:00,102.93,103.44,102.87,103.39,175.713,2.0
SOLUSDT,2026-09-05 17:00:00+00:00,103.41,104.29,103.32,104.29,575.053,2.0
SOLUSDT,2026-09-05 18:00:00+00:00,104.29,104.37,103.76,103.79,80.235,2.0
SOLUSDT,2026-09-05 19:00:00+00:00,103.76,103.96,103.28,103.43,358.603,2.0
SOLUSDT,2026-09-05 20:00:00+00:00,103.46,103.58,103.2,103.33,211.259,2.0
SOLUSDT,2026-09-05 21:00:00+00:00,103.27,103.99,103.27,103.67,101.362,2.0
SOLUSDT,2026-09-05 22:00:00+00:00,103.78,103.78,103.27,103.34,313.118,2.0
SOLUSDT,2026-09-05 23:00:00+00:00,103.35,103.37,103.03,103.15,422.751,2.0
SOLUSDT,2026-09-06 00:00:00+00:00,103.24,103.5,103.24,103.35,107.3,2.0
SOLUSDT,2026-09-06 01:00:00+00:00,103.28,104.15,103.28,104.0,502.75,2.0
SOLUSDT,2026-09-06 02:00:00+00:00,104.17,104.73,103.95,104.35,360.791,2.0
SOLUSDT,2026-09-06 03:00:00+00:00,104.41,107.02,104.41,105.91,1228.339,2.0
SOLUSDT,2026-09-06 04:00:00+00:00,105.95,106.27,105.64,105.95,676.111,2.0
SOLUSDT,2026-09-06 05:00:00+00:00,105.77,106.77,105.53,106.45,598.772,2.0
SOLUSDT,2026-09-06 06:00:00+00:00,106.35,106.35,105.31,105.44,257.324,2.0
SOLUSDT,2026-09-06 07:00:00+00:00,105.39,105.52,104.72,105.22,288.318,2.0
SOLUSDT,2026-09-06 08:00:00+00:00,105.26,105.38,105.0,105.31,92.177,2.0
SOLUSDT,2026-09-06 09:00:00+00:00,105.19,107.24,105.19,106.44,813.765,2.0
SOLUSDT,2026-09-06 10:00:00+00:00,106.5,106.82,106.44,106.65,91.506,2.0
SOLUSDT,2026-09-06 11:00:00+00:00,106.5,106.71,106.31,106.53,105.943,2.0
SOLUSDT,2026-09-06 12:00:00+00:00,106.49,107.31,106.43,106.86,467.225,2.0
SOLUSDT,2026-09-06 13:00:00+00:00,106.75,107.13,106.01,107.13,420.065,2.0
SOLUSDT,2026-09-06 14:00:00+00:00,107.0,107.0,105.22,105.76,350.192,2.0
SOLUSDT,2026-09-06 15:00:00+00:00,105.7,105.95,104.99,105.74,349.275,2.0
SOLUSDT,2026-09-06 16:00:00+00:00,105.75,106.39,105.51,106.07,180.646,2.0
SOLUSDT,2026-09-06 17:00:00+00:00,106.02,106.43,105.6,106.22,93.463,2.0
SOLUSDT,2026-09-06 18:00:00+00:00,106.23,106.52,105.89,105.89,56.887,2.0
SOLUSDT,2026-09-06 19:00:00+00:00,105.9,105.9,105.42,105.52,186.336,2.0
SOLUSDT,2026-09-06 20:00:00+00:00,105.46,105.8,105.37,105.8,119.302,2.0
SOLUSDT,2026-09-06 21:00:00+00:00,105.87,106.16,105.86,105.93,118.309,2.0
SOLUSDT,2026-09-06 22:00:00+00:00,105.69,105.99,105.03,105.9,495.189,2.0
SOLUSDT,2026-09-06 23:00:00+00:00,105.85,106.7,105.85,106.51,371.804,2.0
SOLUSDT,2026-09-07 00:00:00+00:00,106.48,106.65,105.9,106.13,684.317,2.0
SOLUSDT,2026-09-07 01:00:00+00:00,106.07,106.33,105.15,105.21,237.014,2.0
SOLUSDT,2026-09-07 02:00:00+00:00,105.31,107.01,104.99,105.74,476.849,2.0
SOLUSDT,2026-09-07 03:00:00+00:00,105.78,105.88,104.99,104.99,160.458,2.0
SOLUSDT,2026-09-07 04:00:00+00:00,104.92,105.28,104.82,105.05,215.95,2.0
SOLUSDT,2026-09-07 05:00:00+00:00,105.08,105.8,105.08,105.13,168.93,2.0
SOLUSDT,2026-09-07 06:00:00+00:00,105.1,105.32,104.92,105.08,53.893,2.0
SOLUSDT,2026-09-07 07:00:00+00:00,105.06,105.43,103.83,104.45,434.019,2.0
SOLUSDT,2026-09-07 08:00:00+00:00,104.47,104.85,104.47,104.74,125.167,2.0
SOLUSDT,2026-09-07 09:00:00+00:00,104.73,105.12,104.64,104.64,52.402,2.0
SOLUSDT,2026-09-07 10:00:00+00:00,104.7,105.12,104.7,105.08,101.794,2.0
SOLUSDT,2026-09-07 11:00:00+00:00,104.96,105.06,104.83,104.89,86.066,2.0
SOLUSDT,2026-09-07 12:00:00+00:00,104.99,105.91,104.97,105.77,460.608,2.0
SOLUSDT,2026-09-07 13:00:00+00:00,105.71,105.81,104.87,105.16,220.006,2.0
SOLUSDT,2026-09-07 14:00:00+00:00,105.05,105.18,104.06,104.7,636.711,2.0
SOLUSDT,2026-09-07 15:00:00+00:00,104.55,104.55,103.07,103.07,304.731,2.0
SOLUSDT,2026-09-07 16:00:00+00:00,103.2,103.84,103.2,103.84,333.34,2.0
SOLUSDT,2026-09-07 17:00:00+00:00,103.84,104.23,103.83,104.17,86.382,2.0
SOLUSDT,2026-09-07 18:00:00+00:00,103.93,103.96,103.61,103.92,273.572,2.0
SOLUSDT,2026-09-07 19:00:00+00:00,103.93,104.38,103.86,104.35,302.942,2.0
SOLUSDT,2026-09-07 20:00:00+00:00,104.36,104.36,103.95,104.14,198.168,2.0
SOLUSDT,2026-09-07 21:00:00+00:00,104.13,104.13,103.85,103.91,55.817,2.0
SOLUSDT,2026-09-07 22:00:00+00:00,103.79,104.05,103.24,103.52,251.962,2.0
SOLUSDT,2026-09-07 23:00:00+00:00,103.59,103.99,103.59,103.86,2517.728,2.0
SOLUSDT,2026-09-08 00:00:00+00:00,103.82,104.11,103.52,104.11,190.674,2.0
SOLUSDT,2026-09-08 01:00:00+00:00,104.11,104.38,104.02,104.38,75.995,2.0
SOLUSDT,2026-09-08 02:00:00+00:00,104.38,104.54,103.33,103.33,532.194,2.0
SOLUSDT,2026-09-08 03:00:00+00:00,103.34,103.41,102.82,103.33,389.173,2.0
SOLUSDT,2026-09-08 04:00:00+00:00,103.2,103.38,103.07,103.07,101.857,2.0
SOLUSDT,2026-09-08 05:00:00+00:00,103.3,103.49,103.01,103.07,211.468,2.0
SOLUSDT,2026-09-08 06:00:00+00:00,102.92,103.05,102.45,102.73,362.275,2.0
SOLUSDT,2026-09-08 07:00:00+00:00,102.66,103.11,102.66,102.95,70.067,2.0
SOLUSDT,2026-09-08 08:00:00+00:00,102.75,103.23,102.53,103.03,161.372,2.0
SOLUSDT,2026-09-08 09:00:00+00:00,103.08,103.8,103.01,103.76,146.74,2.0
SOLUSDT,2026-09-08 10:00:00+00:00,103.59,104.04,103.42,103.42,113.824,2.0
SOLUSDT,2026-09-08 11:00:00+00:00,103.33,103.33,102.71,102.83,381.125,2.0
SOLUSDT,2026-09-08 12:00:00+00:00,102.7,103.3,102.54,103.27,214.835,2.0
SOLUSDT,2026-09-08 13:00:00+00:00,103.01,103.01,101.79,102.86,577.006,2.0
SOLUSDT,2026-09-08 14:00:00+00:00,102.67,103.41,102.49,103.26,567.121,2.0
SOLUSDT,2026-09-08 15:00:00+00:00,103.34,104.34,103.34,104.34,370.371,2.0
SOLUSDT,2026-09-08 16:00:00+00:00,104.2,104.8,103.72,104.22,412.736,2.0
SOLUSDT,2026-09-08 17:00:00+00:00,104.25,104.37,103.72,103.9,274.137,2.0
SOLUSDT,2026-09-08 18:00:00+00:00,103.67,104.44,103.27,103.38,512.246,2.0
SOLUSDT,2026-09-08 19:00:00+00:00,103.43,103.57,102.96,103.09,489.836,2.0
SOLUSDT,2026-09-08 20:00:00+00:00,103.24,103.77,103.17,103.27,187.808,2.0
SOLUSDT,2026-09-08 21:00:00+00:00,103.23,103.34,102.91,102.91,236.63,2.0
SOLUSDT,2026-09-08 22:00:00+00:00,103.33,103.45,103.09,103.45,383.711,2.0
SOLUSDT,2026-09-08 23:00:00+00:00,103.41,103.59,103.32,103.32,134.215,2.0
SOLUSDT,2026-09-09 00:00:00+00:00,103.39,103.83,103.39,103.82,346.44,2.0
SOLUSDT,2026-09-09 01:00:00+00:00,103.68,103.9,103.38,103.83,271.193,2.0
SOLUSDT,2026-09-09 02:00:00+00:00,103.83,103.98,103.4,103.56,164.999,2.0
SOLUSDT,2026-09-09 03:00:00+00:00,103.46,103.46,103.02,103.41,203.623,2.0
SOLUSDT,2026-09-09 04:00:00+00:00,103.38,104.37,103.38,104.37,527.177,2.0
SOLUSDT,2026-09-09 05:00:00+00:00,104.4,104.69,103.8,104.04,303.567,2.0
SOLUSDT,2026-09-09 06:00:00+00:00,104.11,104.77,104.11,104.53,379.68,2.0
SOLUSDT,2026-09-09 07:00:00+00:00,104.55,105.14,104.51,104.59,363.158,2.0
SOLUSDT,2026-09-09 08:00:00+00:00,104.73,105.06,104.65,104.84,223.925,2.0
SOLUSDT,2026-09-09 09:00:00+00:00,104.64,104.64,103.52,103.53,159.845,2.0
SOLUSDT,2026-09-09 10:00:00+00:00,103.6,104.04,103.59,103.82,221.948,2.0
SOLUSDT,2026-09-09 11:00:00+00:00,103.59,104.27,103.34,104.21,242.378,2.0
SOLUSDT,2026-09-09 12:00:00+00:00,104.28,104.79,104.25,104.75,320.555,2.0
SOLUSDT,2026-09-09 13:00:00+00:00,104.63,104.68,103.63,103.8,250.893,2.0
SOLUSDT,2026-09-09 14:00:00+00:00,103.94,104.12,103.41,103.5,558.11,2.0
SOLUSDT,2026-09-09 15:00:00+00:00,103.6,103.85,102.13,103.16,455.715,2.0
SOLUSDT,2026-09-09 16:00:00+00:00,103.17,103.45,102.82,103.39,217.615,2.0
SOLUSDT,2026-09-09 17:00:00+00:00,103.32,103.78,103.24,103.46,129.477,2.0
SOLUSDT,2026-09-09 18:00:00+00:00,103.57,103.7,103.3,103.3,138.81,2.0
SOLUSDT,2026-09-09 19:00:00+00:00,103.3,103.4,102.23,102.3,314.142,2.0
SOLUSDT,2026-09-09 20:00:00+00:00,102.37,102.65,101.98,102.56,244.395,2.0
SOLUSDT,2026-09-09 21:00:00+00:00,102.58,102.63,101.87,102.09,156.087,2.0
SOLUSDT,2026-09-09 22:00:00+00:00,102.11,102.18,100.36,100.85,719.82,2.0
SOLUSDT,2026-09-09 23:00:00+00:00,100.81,101.73,100.81,101.58,190.873,2.0
SOLUSDT,2026-09-10 00:00:00+00:00,101.6,101.6,100.97,100.97,298.907,2.0
SOLUSDT,2026-09-10 01:00:00+00:00,101.11,101.71,100.57,101.03,688.899,2.0
SOLUSDT,2026-09-10 02:00:00+00:00,101.07,101.85,101.05,101.85,438.644,2.0
SOLUSDT,2026-09-10 03:00:00+00:00,101.86,102.03,101.71,101.82,523.65,2.0
SOLUSDT,2026-09-10 04:00:00+00:00,101.89,102.17,101.81,102.05,375.092,2.0
SOLUSDT,2026-09-10 05:00:00+00:00,101.89,102.15,101.67,102.09,196.919,2.0
SOLUSDT,2026-09-10 06:00:00+00:00,102.08,102.08,101.48,102.04,96.142,2.0
SOLUSDT,2026-09-10 07:00:00+00:00,101.92,101.92,100.96,101.26,113.012,2.0
SOLUSDT,2026-09-10 08:00:00+00:00,101.3,101.39,101.09,101.28,143.38,2.0
SOLUSDT,2026-09-10 09:00:00+00:00,101.03,101.19,100.84,101.16,63.61,2.0
SOLUSDT,2026-09-10 10:00:00+00:00,101.11,101.37,100.89,101.1,152.019,2.0
SOLUSDT,2026-09-10 11:00:00+00:00,101.05,101.49,100.85,101.03,743.171,2.0
SOLUSDT,2026-09-10 12:00:00+00:00,101.08,101.35,98.53,98.94,1403.242,2.0
SOLUSDT,2026-09-10 13:00:00+00:00,98.98,99.8,98.96,99.78,988.015,2.0
SOLUSDT,2026-09-10 14:00:00+00:00,99.81,100.34,99.44,100.08,118.21,2.0
SOLUSDT,2026-09-10 15:00:00+00:00,100.21,100.23,99.46,99.72,287.329,2.0
SOLUSDT,2026-09-10 16:00:00+00:00,99.68,99.89,98.9,99.51,232.142,2.0
SOLUSDT,2026-09-10 17:00:00+00:00,99.66,100.43,99.57,100.08,366.792,2.0
SOLUSDT,2026-09-10 18:00:00+00:00,99.92,99.92,99.35,99.77,210.013,2.0
SOLUSDT,2026-09-10 19:00:00+00:00,99.85,100.1,99.62,99.75,471.125,2.0
SOLUSDT,2026-09-10 20:00:00+00:00,99.72,100.13,99.71,100.11,122.93,2.0
SOLUSDT,2026-09-10 21:00:00+00:00,100.1,100.1,99.83,99.84,89.876,2.0
SOLUSDT,2026-09-10 22:00:00+00:00,99.77,100.02,99.29,99.29,203.072,2.0
SOLUSDT,2026-09-10 23:00:00+00:00,99.3,99.36,98.68,98.68,311.618,2.0
SOLUSDT,2026-09-11 00:00:00+00:00,98.66,99.4,98.59,99.17,277.199,2.0
SOLUSDT,2026-09-11 01:00:00+00:00,99.15,99.47,98.78,99.41,88.987,2.0
SOLUSDT,2026-09-11 02:00:00+00:00,99.46,99.52,99.08,99.3,195.327,2.0
SOLUSDT,2026-09-11 03:00:00+00:00,99.36,99.4,98.96,99.32,87.979,2.0
SOLUSDT,2026-09-11 04:00:00+00:00,99.31,99.89,99.31,99.65,199.058,2.0
SOLUSDT,2026-09-11 05:00:00+00:00,99.66,99.87,99.57,99.87,155.702,2.0
SOLUSDT,2026-09-11 06:00:00+00:00,99.88,99.99,99.67,99.81,198.163,2.0
SOLUSDT,2026-09-11 07:00:00+00:00,99.8,100.11,99.71,99.81,150.371,2.0
SOLUSDT,2026-09-11 08:00:00+00:00,99.76,100.25,99.65,99.95,77.436,2.0
SOLUSDT,2026-09-11 09:00:00+00:00,99.88,99.89,99.13,99.13,146.223,2.0
SOLUSDT,2026-09-11 10:00:00+00:00,99.52,99.69,99.27,99.27,77.099,2.0
SOLUSDT,2026-09-11 11:00:00+00:00,99.12,99.57,98.62,99.5,135.465,2.0
SOLUSDT,2026-09-11 12:00:00+00:00,99.5,101.79,98.0,101.69,1477.36,2.0
SOLUSDT,2026-09-11 13:00:00+00:00,101.65,104.84,100.65,104.84,1513.315,2.0
SOLUSDT,2026-09-11 14:00:00+00:00,104.85,105.77,102.83,103.31,1816.055,2.0
SOLUSDT,2026-09-11 15:00:00+00:00,103.26,103.56,101.32,101.63,727.937,2.0
SOLUSDT,2026-09-11 16:00:00+00:00,101.57,102.32,101.32,102.31,775.238,2.0
SOLUSDT,2026-09-11 17:00:00+00:00,102.41,102.42,101.81,101.97,283.94,2.0
SOLUSDT,2026-09-11 18:00:00+00:00,101.88,101.88,100.49,101.04,817.637,2.0
SOLUSDT,2026-09-11 19:00:00+00:00,101.06,102.1,100.84,102.05,433.787,2.0
SOLUSDT,2026-09-11 20:00:00+00:00,102.1,102.99,102.02,102.51,674.992,2.0
SOLUSDT,2026-09-11 21:00:00+00:00,102.58,103.01,102.14,102.14,235.587,2.0
SOLUSDT,2026-09-11 22:00:00+00:00,102.1,102.43,101.57,101.74,620.143,2.0
SOLUSDT,2026-09-11 23:00:00+00:00,101.88,102.46,101.85,102.46,157.766,2.0
SOLUSDT,2026-09-12 00:00:00+00:00,102.41,102.54,101.81,101.9,645.372,2.0
SOLUSDT,2026-09-12 01:00:00+00:00,101.86,102.24,101.86,102.01,112.284,2.0
SOLUSDT,2026-09-12 02:00:00+00:00,101.96,101.96,101.65,101.82,180.623,2.0
SOLUSDT,2026-09-12 03:00:00+00:00,101.83,101.87,101.5,101.57,92.812,2.0
SOLUSDT,2026-09-12 04:00:00+00:00,101.67,101.89,101.62,101.63,67.764,2.0
SOLUSDT,2026-09-12 05:00:00+00:00,101.61,101.71,101.48,101.68,155.498,2.0
SOLUSDT,2026-09-12 06:00:00+00:00,101.64,101.88,101.55,101.76,149.767,2.0
SOLUSDT,2026-09-12 07:00:00+00:00,101.78,101.94,101.65,101.7,178.147,2.0
SOLUSDT,2026-09-12 08:00:00+00:00,101.71,101.84,101.61,101.81,114.24,2.0
SOLUSDT,2026-09-12 09:00:00+00:00,101.85,102.21,101.83,101.98,399.072,2.0
SOLUSDT,2026-09-12 10:00:00+00:00,102.03,102.25,102.01,102.15,126.881,2.0
SOLUSDT,2026-09-12 11:00:00+00:00,102.22,102.23,102.03,102.13,214.092,2.0
SOLUSDT,2026-09-12 12:00:00+00:00,102.13,102.4,101.96,101.97,484.983,2.0
SOLUSDT,2026-09-12 13:00:00+00:00,102.1,102.19,101.8,101.95,225.304,2.0
SOLUSDT,2026-09-12 14:00:00+00:00,101.97,102.12,101.95,102.01,81.288,2.0
SOLUSDT,2026-09-12 15:00:00+00:00,102.03,102.15,101.89,102.11,284.546,2.0
SOLUSDT,2026-09-12 16:00:00+00:00,102.07,102.11,101.96,102.07,160.199,2.0
SOLUSDT,2026-09-12 17:00:00+00:00,102.06,102.13,102.01,102.01,135.895,2.0
SOLUSDT,2026-09-12 18:00:00+00:00,101.95,101.95,101.62,101.63,158.722,2.0
SOLUSDT,2026-09-12 19:00:00+00:00,101.65,101.67,101.25,101.25,128.008,2.0
SOLUSDT,2026-09-12 20:00:00+00:00,101.39,101.56,101.36,101.36,186.256,2.0
SOLUSDT,2026-09-12 21:00:00+00:00,101.35,101.61,101.35,101.5,92.683,2.0
SOLUSDT,2026-09-12 22:00:00+00:00,101.48,101.76,101.44,101.69,247.323,2.0
SOLUSDT,2026-09-12 23:00:00+00:00,101.7,101.84,101.68,101.74,138.421,2.0
SOLUSDT,2026-09-13 00:00:00+00:00,101.76,101.76,101.6,101.73,78.246,2.0
SOLUSDT,2026-09-13 01:00:00+00:00,101.72,102.31,101.72,102.3,328.407,2.0
SOLUSDT,2026-09-13 02:00:00+00:00,102.31,102.31,101.82,102.03,293.045,2.0
SOLUSDT,2026-09-13 03:00:00+00:00,101.9,102.0,101.59,101.65,238.717,2.0
SOLUSDT,2026-09-13 04:00:00+00:00,101.62,101.78,101.6,101.69,108.363,2.0
SOLUSDT,2026-09-13 05:00:00+00:00,101.77,101.93,101.77,101.92,64.04,2.0
SOLUSDT,2026-09-13 06:00:00+00:00,101.81,101.81,101.18,101.18,155.769,2.0
SOLUSDT,2026-09-13 07:00:00+00:00,101.23,101.35,100.67,100.67,777.374,2.0
SOLUSDT,2026-09-13 08:00:00+00:00,100.73,100.84,99.96,100.0,445.639,2.0
SOLUSDT,2026-09-13 09:00:00+00:00,100.03,100.14,99.46,99.93,163.583,2.0
SOLUSDT,2026-09-13 10:00:00+00:00,99.85,99.85,99.43,99.48,160.778,2.0
SOLUSDT,2026-09-13 11:00:00+00:00,99.69,99.8,99.49,99.8,2.926,2.0
SOLUSDT,2026-09-13 12:00:00+00:00,99.78,99.82,99.62,99.7,4.854,2.0
SOLUSDT,2026-09-13 13:00:00+00:00,99.67,100.1,99.52,100.1,12.696,2.0
SOLUSDT,2026-09-13 14:00:00+00:00,100.13,100.83,100.13,100.63,585.585,2.0
SOLUSDT,2026-09-13 15:00:00+00:00,100.59,100.59,100.21,100.49,33.057,2.0
SOLUSDT,2026-09-13 16:00:00+00:00,100.43,100.95,100.43,100.84,115.404,2.0
SOLUSDT,2026-09-13 17:00:00+00:00,100.83,101.18,100.83,100.99,121.591,2.0
SOLUSDT,2026-09-13 18:00:00+00:00,101.01,101.25,101.0,101.2,100.668,2.0
SOLUSDT,2026-09-13 19:00:00+00:00,101.24,101.3,100.86,100.86,10.688,2.0
SOLUSDT,2026-09-13 20:00:00+00:00,100.99,101.46,100.99,101.43,170.723,2.0
SOLUSDT,2026-09-13 21:00:00+00:00,101.5,101.6,101.28,101.36,92.094,2.0
SOLUSDT,2026-09-13 22:00:00+00:00,101.29,101.29,99.43,99.77,634.066,2.0
SOLUSDT,2026-09-13 23:00:00+00:00,99.75,99.89,99.24,99.29,604.735,2.0
SOLUSDT,2026-09-14 00:00:00+00:00,99.35,99.78,99.04,99.69,135.384,2.0
SOLUSDT,2026-09-14 01:00:00+00:00,99.68,100.17,99.23,100.17,237.174,2.0
SOLUSDT,2026-09-14 02:00:00+00:00,100.14,101.06,100.02,100.98,215.205,2.0
SOLUSDT,2026-09-14 03:00:00+00:00,100.98,101.3,100.78,100.91,206.928,2.0
SOLUSDT,2026-09-14 04:00:00+00:00,100.92,101.36,100.9,101.14,161.816,2.0
SOLUSDT,2026-09-14 05:00:00+00:00,101.13,101.24,100.97,100.97,230.419,2.0
SOLUSDT,2026-09-14 06:00:00+00:00,101.11,101.98,101.11,101.53,288.922,2.0
SOLUSDT,2026-09-14 07:00:00+00:00,101.58,101.67,101.52,101.54,39.473,2.0
SOLUSDT,2026-09-14 08:00:00+00:00,101.63,101.76,101.41,101.49,90.109,2.0
SOLUSDT,2026-09-14 09:00:00+00:00,101.5,102.27,101.27,102.18,272.093,2.0
SOLUSDT,2026-09-14 10:00:00+00:00,101.79,101.96,101.76,101.83,145.358,2.0
SOLUSDT,2026-09-14 11:00:00+00:00,101.76,101.89,101.33,101.38,239.052,2.0
SOLUSDT,2026-09-14 12:00:00+00:00,101.31,102.01,101.25,101.25,79.28,2.0
SOLUSDT,2026-09-14 13:00:00+00:00,101.37,101.88,100.71,101.38,981.397,2.0
SOLUSDT,2026-09-14 14:00:00+00:00,101.42,101.97,101.21,101.64,515.524,2.0
SOLUSDT,2026-09-14 15:00:00+00:00,101.54,102.25,101.37,102.02,335.16,2.0
SOLUSDT,2026-09-14 16:00:00+00:00,102.02,102.81,101.95,102.59,550.588,2.0
SOLUSDT,2026-09-14 17:00:00+00:00,102.6,103.24,102.57,103.05,482.481,2.0
SOLUSDT,2026-09-14 18:00:00+00:00,103.07,103.81,102.94,103.64,529.268,2.0
SOLUSDT,2026-09-14 19:00:00+00:00,103.59,103.59,103.04,103.11,209.175,2.0
SOLUSDT,2026-09-14 20:00:00+00:00,103.26,104.77,103.26,103.94,529.874,2.0
SOLUSDT,2026-09-14 21:00:00+00:00,103.98,103.98,103.15,103.28,599.252,2.0
SOLUSDT,2026-09-14 22:00:00+00:00,103.19,103.57,102.84,102.89,222.58,2.0
SOLUSDT,2026-09-14 23:00:00+00:00,102.84,102.99,102.45,102.45,45.075,2.0
SOLUSDT,2026-09-15 00:00:00+00:00,102.62,102.8,102.42,102.46,55.544,2.0
SOLUSDT,2026-09-15 01:00:00+00:00,102.45,102.57,102.2,102.29,102.862,2.0
SOLUSDT,2026-09-15 02:00:00+00:00,102.27,102.39,102.0,102.0,108.34,2.0
SOLUSDT,2026-09-15 03:00:00+00:00,101.96,101.96,101.28,101.61,285.24,2.0
SOLUSDT,2026-09-15 04:00:00+00:00,101.54,101.7,101.25,101.29,343.18,2.0
SOLUSDT,2026-09-15 05:00:00+00:00,101.27,101.36,100.63,101.33,288.934,2.0
SOLUSDT,2026-09-15 06:00:00+00:00,101.39,101.56,100.77,100.9,88.115,2.0
SOLUSDT,2026-09-15 07:00:00+00:00,100.91,101.02,100.4,100.46,174.701,2.0
SOLUSDT,2026-09-15 08:00:00+00:00,100.4,100.64,100.15,100.63,249.272,2.0
SOLUSDT,2026-09-15 09:00:00+00:00,100.58,101.08,100.57,101.01,190.461,2.0
SOLUSDT,2026-09-15 10:00:00+00:00,100.88,101.05,100.71,101.05,74.249,2.0
SOLUSDT,2026-09-15 11:00:00+00:00,100.97,100.97,100.44,100.8,135.005,2.0
SOLUSDT,2026-09-15 12:00:00+00:00,100.91,101.18,100.86,100.98,163.05,2.0
SOLUSDT,2026-09-15 13:00:00+00:00,101.0,101.28,99.78,100.53,437.525,2.0
SOLUSDT,2026-09-15 14:00:00+00:00,100.55,100.68,98.06,98.87,634.336,2.0
SOLUSDT,2026-09-15 15:00:00+00:00,98.83,99.7,98.62,99.47,461.054,2.0
SOLUSDT,2026-09-15 16:00:00+00:00,99.3,99.41,98.95,99.13,127.654,2.0
SOLUSDT,2026-09-15 17:00:00+00:00,99.13,100.66,98.73,100.34,645.714,2.0
SOLUSDT,2026-09-15 18:00:00+00:00,100.18,100.31,95.83,98.21,2900.554,2.0
SOLUSDT,2026-09-15 19:00:00+00:00,98.2,98.6,97.56,97.83,943.897,2.0
SOLUSDT,2026-09-15 20:00:00+00:00,98.04,98.04,96.7,97.44,821.153,2.0
SOLUSDT,2026-09-15 21:00:00+00:00,97.41,97.41,96.58,96.62,381.404,2.0
SOLUSDT,2026-09-15 22:00:00+00:00,96.51,97.28,96.41,97.27,539.456,2.0
SOLUSDT,2026-09-15 23:00:00+00:00,97.24,97.67,96.93,96.96,360.115,2.0
SOLUSDT,2026-09-16 00:00:00+00:00,96.93,97.31,96.9,97.04,217.523,2.0
SOLUSDT,2026-09-16 01:00:00+00:00,97.13,97.22,96.58,96.58,229.99,2.0
SOLUSDT,2026-09-16 02:00:00+00:00,96.46,97.55,96.46,97.25,90.777,2.0
SOLUSDT,2026-09-16 03:00:00+00:00,97.28,97.57,97.1,97.26,202.035,2.0
SOLUSDT,2026-09-16 04:00:00+00:00,97.25,97.71,97.18,97.28,329.198,2.0
SOLUSDT,2026-09-16 05:00:00+00:00,97.06,97.3,96.93,97.26,744.365,2.0
SOLUSDT,2026-09-16 06:00:00+00:00,97.26,97.38,97.03,97.36,183.702,2.0
SOLUSDT,2026-09-16 07:00:00+00:00,97.38,97.51,97.03,97.06,220.072,2.0
SOLUSDT,2026-09-16 08:00:00+00:00,96.9,96.91,96.52,96.78,119.259,2.0
SOLUSDT,2026-09-16 09:00:00+00:00,97.06,97.34,97.06,97.28,230.198,2.0
SOLUSDT,2026-09-16 10:00:00+00:00,97.32,97.37,97.18,97.26,153.997,2.0
SOLUSDT,2026-09-16 11:00:00+00:00,97.43,98.27,97.13,98.05,463.966,2.0
SOLUSDT,2026-09-16 12:00:00+00:00,98.05,98.07,97.19,97.62,130.719,2.0
SOLUSDT,2026-09-16 13:00:00+00:00,97.31,97.62,97.0,97.33,241.66,2.0
SOLUSDT,2026-09-16 14:00:00+00:00,97.09,97.23,96.73,96.82,366.164,2.0
SOLUSDT,2026-09-16 15:00:00+00:00,97.06,97.55,96.88,97.19,235.623,2.0
SOLUSDT,2026-09-16 16:00:00+00:00,97.17,97.48,97.01,97.3,138.418,2.0
SOLUSDT,2026-09-16 17:00:00+00:00,97.18,97.31,96.15,96.87,377.478,2.0
SOLUSDT,2026-09-16 18:00:00+00:00,97.07,98.87,96.33,97.95,1687.062,2.0
SOLUSDT,2026-09-16 19:00:00+00:00,98.04,98.69,96.89,98.21,416.891,2.0
SOLUSDT,2026-09-16 20:00:00+00:00,98.15,98.88,98.04,98.75,545.891,2.0
SOLUSDT,2026-09-16 21:00:00+00:00,98.69,98.8,98.15,98.47,191.348,2.0
SOLUSDT,2026-09-16 22:00:00+00:00,98.42,98.42,97.44,97.44,279.98,2.0
SOLUSDT,2026-09-16 23:00:00+00:00,97.6,98.82,97.6,98.69,361.158,2.0
SOLUSDT,2026-09-17 00:00:00+00:00,98.66,99.15,98.53,98.73,395.639,2.0
SOLUSDT,2026-09-17 01:00:00+00:00,98.72,99.58,98.48,99.28,407.093,2.0
SOLUSDT,2026-09-17 02:00:00+00:00,99.27,99.7,98.88,99.47,256.472,2.0
SOLUSDT,2026-09-17 03:00:00+00:00,99.43,100.0,99.43,100.0,239.62,2.0
SOLUSDT,2026-09-17 04:00:00+00:00,99.97,99.97,99.17,99.96,217.485,2.0
SOLUSDT,2026-09-17 05:00:00+00:00,100.02,100.02,99.49,99.53,502.52,2.0
SOLUSDT,2026-09-17 06:00:00+00:00,99.54,99.92,99.52,99.92,141.658,2.0
SOLUSDT,2026-09-17 07:00:00+00:00,99.83,100.31,99.82,99.98,352.616,2.0
SOLUSDT,2026-09-17 08:00:00+00:00,100.06,100.31,99.95,100.3,445.647,2.0
SOLUSDT,2026-09-17 09:00:00+00:00,100.32,100.81,100.21,100.25,279.418,2.0
SOLUSDT,2026-09-17 10:00:00+00:00,100.1,100.11,99.6,99.8,153.481,2.0
SOLUSDT,2026-09-17 11:00:00+00:00,99.95,100.22,99.6,100.08,110.422,2.0
SOLUSDT,2026-09-17 12:00:00+00:00,100.24,101.37,100.17,100.91,421.047,2.0
SOLUSDT,2026-09-17 13:00:00+00:00,100.85,100.98,99.7,100.73,196.873,2.0
SOLUSDT,2026-09-17 14:00:00+00:00,100.73,101.73,100.15,101.12,432.648,2.0
SOLUSDT,2026-09-17 15:00:00+00:00,101.03,101.34,100.38,101.25,160.498,2.0
SOLUSDT,2026-09-17 16:00:00+00:00,101.33,101.45,100.75,101.37,225.554,2.0
SOLUSDT,2026-09-17 17:00:00+00:00,101.43,102.0,101.28,101.49,571.465,2.0
SOLUSDT,2026-09-17 18:00:00+00:00,101.51,101.6,100.86,101.02,236.207,2.0
SOLUSDT,2026-09-17 19:00:00+00:00,100.97,101.07,100.75,100.94,109.149,2.0
SOLUSDT,2026-09-17 20:00:00+00:00,100.94,101.39,100.94,101.23,140.522,2.0
SOLUSDT,2026-09-17 21:00:00+00:00,101.28,101.43,101.11,101.21,194.607,2.0
SOLUSDT,2026-09-17 22:00:00+00:00,101.04,101.47,100.83,101.44,468.7,2.0
SOLUSDT,2026-09-17 23:00:00+00:00,101.39,101.7,101.39,101.66,251.921,2.0
SOLUSDT,2026-09-18 00:00:00+00:00,101.64,101.67,101.02,101.44,227.426,2.0
SOLUSDT,2026-09-18 01:00:00+00:00,101.5,102.83,101.5,102.52,648.643,2.0
SOLUSDT,2026-09-18 02:00:00+00:00,102.52,102.86,102.2,102.75,412.447,2.0
SOLUSDT,2026-09-18 03:00:00+00:00,102.73,105.04,102.68,104.54,1062.967,2.0
SOLUSDT,2026-09-18 04:00:00+00:00,104.76,105.88,104.44,105.8,468.857,2.0
SOLUSDT,2026-09-18 05:00:00+00:00,105.82,106.06,105.35,105.36,308.542,2.0
SOLUSDT,2026-09-18 06:00:00+00:00,105.47,105.81,105.36,105.55,343.789,2.0
SOLUSDT,2026-09-18 07:00:00+00:00,105.56,106.08,105.54,105.79,572.44,2.0
SOLUSDT,2026-09-18 08:00:00+00:00,105.85,106.31,105.37,106.27,269.61,2.0
SOLUSDT,2026-09-18 09:00:00+00:00,106.19,106.49,106.0,106.41,431.477,2.0
SOLUSDT,2026-09-18 10:00:00+00:00,106.49,106.68,106.26,106.26,622.553,2.0
SOLUSDT,2026-09-18 11:00:00+00:00,106.28,106.37,105.44,105.83,251.442,2.0
SOLUSDT,2026-09-18 12:00:00+00:00,105.75,106.11,105.43,105.73,502.452,2.0
SOLUSDT,2026-09-18 13:00:00+00:00,105.69,109.35,105.46,108.46,1274.043,2.0
SOLUSDT,2026-09-18 14:00:00+00:00,108.52,110.9,108.46,110.72,2424.437,2.0
SOLUSDT,2026-09-18 15:00:00+00:00,110.77,111.55,109.38,111.19,2614.384,2.0
SOLUSDT,2026-09-18 16:00:00+00:00,111.24,112.24,111.08,111.65,672.774,2.0
SOLUSDT,2026-09-18 17:00:00+00:00,111.65,112.66,111.46,112.63,700.3,2.0
SOLUSDT,2026-09-18 18:00:00+00:00,112.59,112.92,112.11,112.25,1326.62,2.0
SOLUSDT,2026-09-18 19:00:00+00:00,112.24,114.29,112.24,114.29,1304.379,2.0
SOLUSDT,2026-09-18 20:00:00+00:00,114.03,114.09,113.14,113.48,1257.668,2.0
SOLUSDT,2026-09-18 21:00:00+00:00,113.56,113.81,113.1,113.31,547.952,2.0
SOLUSDT,2026-09-18 22:00:00+00:00,113.08,113.58,112.81,113.19,482.523,2.0
SOLUSDT,2026-09-18 23:00:00+00:00,113.36,113.36,112.56,112.58,534.655,2.0
SOLUSDT,2026-09-19 00:00:00+00:00,112.72,113.72,112.4,113.54,464.062,2.0
SOLUSDT,2026-09-19 01:00:00+00:00,113.57,114.05,112.91,113.38,4929.026,2.0
SOLUSDT,2026-09-19 02:00:00+00:00,113.41,113.82,113.37,113.58,339.863,2.0
SOLUSDT,2026-09-19 03:00:00+00:00,113.58,113.81,113.18,113.35,77.935,2.0
SOLUSDT,2026-09-19 04:00:00+00:00,113.24,113.45,112.12,112.43,215.239,2.0
SOLUSDT,2026-09-19 05:00:00+00:00,112.45,112.9,111.86,111.97,273.486,2.0
SOLUSDT,2026-09-19 06:00:00+00:00,111.99,111.99,111.19,111.6,95.741,2.0
SOLUSDT,2026-09-19 07:00:00+00:00,111.9,112.18,111.62,111.63,74.042,2.0
SOLUSDT,2026-09-19 08:00:00+00:00,111.57,112.43,111.57,112.29,59.673,2.0
SOLUSDT,2026-09-19 09:00:00+00:00,112.2,112.46,111.6,111.89,50.173,2.0
SOLUSDT,2026-09-19 10:00:00+00:00,111.84,112.09,111.65,111.65,219.415,2.0
SOLUSDT,2026-09-19 11:00:00+00:00,111.69,112.07,111.69,111.9,128.603,2.0
SOLUSDT,2026-09-19 12:00:00+00:00,111.79,112.05,111.68,111.77,161.782,2.0
SOLUSDT,2026-09-19 13:00:00+00:00,111.68,111.84,111.35,111.6,320.311,2.0
SOLUSDT,2026-09-19 14:00:00+00:00,111.67,112.16,111.55,111.77,103.374,2.0
SOLUSDT,2026-09-19 15:00:00+00:00,111.87,112.13,111.56,111.61,298.68,2.0
SOLUSDT,2026-09-19 16:00:00+00:00,111.66,112.0,111.32,112.0,208.178,2.0
SOLUSDT,2026-09-19 17:00:00+00:00,111.97,112.43,111.4,111.5,427.425,2.0
SOLUSDT,2026-09-19 18:00:00+00:00,111.42,111.64,110.68,111.07,538.135,2.0
SOLUSDT,2026-09-19 19:00:00+00:00,111.22,111.53,110.78,111.19,206.294,2.0
SOLUSDT,2026-09-19 20:00:00+00:00,111.11,111.33,110.97,111.12,151.142,2.0
SOLUSDT,2026-09-19 21:00:00+00:00,111.15,111.28,110.2,110.6,310.861,2.0
SOLUSDT,2026-09-19 22:00:00+00:00,110.48,110.71,110.12,110.65,60.245,2.0
SOLUSDT,2026-09-19 23:00:00+00:00,110.71,111.2,110.67,111.05,214.4,2.0
SOLUSDT,2026-09-20 00:00:00+00:00,111.05,111.17,110.64,110.95,152.2,2.0
SOLUSDT,2026-09-20 01:00:00+00:00,110.92,110.97,109.75,110.16,208.096,2.0
SOLUSDT,2026-09-20 02:00:00+00:00,110.16,110.47,107.5,107.71,898.303,2.0
SOLUSDT,2026-09-20 03:00:00+00:00,107.63,108.96,107.48,108.89,606.082,2.0
SOLUSDT,2026-09-20 04:00:00+00:00,108.92,109.18,108.69,109.07,698.259,2.0
SOLUSDT,2026-09-20 05:00:00+00:00,109.01,109.19,108.67,108.83,96.614,2.0
SOLUSDT,2026-09-20 06:00:00+00:00,108.76,108.89,108.16,108.47,237.881,2.0
SOLUSDT,2026-09-20 07:00:00+00:00,108.52,108.77,108.5,108.55,6.93,2.0
SOLUSDT,2026-09-20 08:00:00+00:00,108.58,108.69,107.74,108.11,78.44,2.0
SOLUSDT,2026-09-20 09:00:00+00:00,108.05,108.76,108.05,108.29,54.478,2.0
SOLUSDT,2026-09-20 10:00:00+00:00,108.38,108.38,107.93,108.25,84.745,2.0
SOLUSDT,2026-09-20 11:00:00+00:00,108.02,108.45,107.98,108.45,190.708,2.0
SOLUSDT,2026-09-20 12:00:00+00:00,108.35,108.83,108.29,108.4,169.277,2.0
SOLUSDT,2026-09-20 13:00:00+00:00,108.37,108.5,108.0,108.24,39.975,2.0
SOLUSDT,2026-09-20 14:00:00+00:00,108.37,108.64,108.0,108.16,137.067,2.0
SOLUSDT,2026-09-20 15:00:00+00:00,108.18,108.83,108.11,108.83,518.312,2.0
SOLUSDT,2026-09-20 16:00:00+00:00,108.72,110.66,108.51,110.28,1875.843,2.0
SOLUSDT,2026-09-20 17:00:00+00:00,110.28,110.51,109.55,110.01,252.372,2.0
SOLUSDT,2026-09-20 18:00:00+00:00,109.97,110.33,109.22,109.44,202.645,2.0
SOLUSDT,2026-09-20 19:00:00+00:00,109.42,110.85,109.42,110.45,595.614,2.0
SOLUSDT,2026-09-20 20:00:00+00:00,110.46,110.64,110.18,110.27,847.22,2.0
SOLUSDT,2026-09-20 21:00:00+00:00,110.01,110.09,109.08,109.87,356.311,2.0
SOLUSDT,2026-09-20 22:00:00+00:00,110.01,111.01,109.68,111.01,478.394,2.0
SOLUSDT,2026-09-20 23:00:00+00:00,110.85,111.44,110.7,111.12,506.547,2.0
SOLUSDT,2026-09-21 00:00:00+00:00,111.23,112.86,111.23,112.36,592.887,2.0
SOLUSDT,2026-09-21 01:00:00+00:00,112.27,113.35,110.81,111.09,951.226,2.0
SOLUSDT,2026-09-21 02:00:00+00:00,110.94,111.95,110.77,111.15,462.448,2.0
SOLUSDT,2026-09-21 03:00:00+00:00,111.24,111.94,111.21,111.53,144.821,2.0
SOLUSDT,2026-09-21 04:00:00+00:00,111.4,111.75,111.12,111.51,47.792,2.0
SOLUSDT,2026-09-21 05:00:00+00:00,111.47,112.18,111.31,111.95,224.545,2.0
SOLUSDT,2026-09-21 06:00:00+00:00,111.74,112.51,111.58,112.0,332.646,2.0
SOLUSDT,2026-09-21 07:00:00+00:00,112.18,112.38,111.45,112.02,125.717,2.0
SOLUSDT,2026-09-21 08:00:00+00:00,112.24,116.29,112.24,115.37,1400.214,2.0
SOLUSDT,2026-09-21 09:00:00+00:00,115.35,116.82,114.97,115.69,555.26,2.0
SOLUSDT,2026-09-21 10:00:00+00:00,115.88,116.08,115.53,115.98,311.279,2.0
SOLUSDT,2026-09-21 11:00:00+00:00,115.96,117.12,115.91,116.55,566.672,2.0
SOLUSDT,2026-09-21 12:00:00+00:00,116.73,117.02,116.29,116.83,417.552,2.0
SOLUSDT,2026-09-21 13:00:00+00:00,116.92,118.39,116.71,118.13,1186.438,2.0
SOLUSDT,2026-09-21 14:00:00+00:00,118.07,118.87,117.41,118.01,1523.379,2.0
SOLUSDT,2026-09-21 15:00:00+00:00,118.03,119.08,117.37,118.0,1540.951,2.0
SOLUSDT,2026-09-21 16:00:00+00:00,117.94,118.16,116.83,117.55,886.135,2.0
SOLUSDT,2026-09-21 17:00:00+00:00,117.49,117.87,116.71,117.12,364.263,2.0
SOLUSDT,2026-09-21 18:00:00+00:00,117.04,117.83,116.91,117.73,293.495,2.0
SOLUSDT,2026-09-21 19:00:00+00:00,117.73,118.41,117.27,118.36,824.474,2.0
SOLUSDT,2026-09-21 20:00:00+00:00,118.26,119.41,118.24,119.17,887.092,2.0
SOLUSDT,2026-09-21 21:00:00+00:00,119.09,119.94,118.7,119.22,540.738,2.0
SOLUSDT,2026-09-21 22:00:00+00:00,119.24,119.75,118.89,119.46,407.672,2.0
SOLUSDT,2026-09-21 23:00:00+00:00,119.47,119.86,118.44,118.96,1142.998,2.0
SOLUSDT,2026-09-22 00:00:00+00:00,118.9,119.44,118.09,118.09,513.318,2.0
SOLUSDT,2026-09-22 01:00:00+00:00,118.39,118.42,117.04,117.51,336.294,2.0
SOLUSDT,2026-09-22 02:00:00+00:00,117.6,118.1,116.53,116.92,375.636,2.0
SOLUSDT,2026-09-22 03:00:00+00:00,116.91,116.99,116.29,116.81,489.609,2.0
SOLUSDT,2026-09-22 04:00:00+00:00,116.82,117.08,116.3,116.31,195.778,2.0
SOLUSDT,2026-09-22 05:00:00+00:00,116.37,117.12,115.62,117.12,68.279,2.0
SOLUSDT,2026-09-22 06:00:00+00:00,116.92,116.92,116.45,116.61,248.782,2.0
SOLUSDT,2026-09-22 07:00:00+00:00,116.6,116.81,116.06,116.23,464.006,2.0
SOLUSDT,2026-09-22 08:00:00+00:00,116.33,117.99,115.81,117.57,717.06,2.0
SOLUSDT,2026-09-22 09:00:00+00:00,117.52,117.52,116.72,117.51,285.756,2.0
SOLUSDT,2026-09-22 10:00:00+00:00,117.4,117.4,116.44,116.92,89.459,2.0
SOLUSDT,2026-09-22 11:00:00+00:00,116.8,117.45,116.45,117.33,830.378,2.0
SOLUSDT,2026-09-22 12:00:00+00:00,117.36,117.71,116.87,117.47,579.143,2.0
SOLUSDT,2026-09-22 13:00:00+00:00,117.64,117.97,116.89,117.97,741.215,2.0
SOLUSDT,2026-09-22 14:00:00+00:00,117.91,117.91,115.92,116.86,840.588,2.0
SOLUSDT,2026-09-22 15:00:00+00:00,116.88,117.87,116.85,117.41,638.971,2.0
SOLUSDT,2026-09-22 16:00:00+00:00,117.37,117.78,116.76,117.55,475.22,2.0
SOLUSDT,2026-09-22 17:00:00+00:00,117.41,118.15,117.41,117.98,562.485,2.0
SOLUSDT,2026-09-22 18:00:00+00:00,118.0,118.37,117.66,118.1,609.016,2.0
SOLUSDT,2026-09-22 19:00:00+00:00,118.25,118.69,117.81,118.24,902.527,2.0
SOLUSDT,2026-09-22 20:00:00+00:00,118.14,118.35,117.85,117.89,558.722,2.0
SOLUSDT,2026-09-22 21:00:00+00:00,117.98,118.26,117.73,118.17,376.808,2.0
SOLUSDT,2026-09-22 22:00:00+00:00,118.09,118.76,117.65,118.47,1134.654,2.0
SOLUSDT,2026-09-22 23:00:00+00:00,118.52,119.27,118.28,118.58,609.19,2.0
SOLUSDT,2026-09-23 00:00:00+00:00,118.48,119.17,118.32,118.94,276.281,2.0
SOLUSDT,2026-09-23 01:00:00+00:00,118.82,119.32,117.96,118.3,433.07,2.0
SOLUSDT,2026-09-23 02:00:00+00:00,118.35,118.5,117.95,118.36,55.535,2.0
SOLUSDT,2026-09-23 03:00:00+00:00,118.49,119.64,118.42,119.19,298.844,2.0
SOLUSDT,2026-09-23 04:00:00+00:00,119.13,119.74,118.85,119.54,228.132,2.0
SOLUSDT,2026-09-23 05:00:00+00:00,119.48,119.48,118.38,118.38,346.824,2.0
SOLUSDT,2026-09-23 06:00:00+00:00,118.48,119.27,118.48,118.9,119.633,2.0
SOLUSDT,2026-09-23 07:00:00+00:00,118.89,119.1,117.59,117.97,379.48,2.0
SOLUSDT,2026-09-23 08:00:00+00:00,117.79,118.3,117.05,117.46,198.908,2.0
SOLUSDT,2026-09-23 09:00:00+00:00,117.36,117.7,117.13,117.37,264.963,2.0
SOLUSDT,2026-09-23 10:00:00+00:00,117.44,117.57,116.9,117.57,234.187,2.0
SOLUSDT,2026-09-23 11:00:00+00:00,117.7,117.7,116.5,117.12,638.426,2.0
SOLUSDT,2026-09-23 12:00:00+00:00,117.12,117.22,116.61,116.82,318.52,2.0
SOLUSDT,2026-09-23 13:00:00+00:00,116.78,117.12,116.04,116.7,358.089,2.0
SOLUSDT,2026-09-23 14:00:00+00:00,116.82,116.99,113.06,115.12,2011.549,2.0
SOLUSDT,2026-09-23 15:00:00+00:00,115.12,115.89,113.84,113.91,585.847,2.0
SOLUSDT,2026-09-23 16:00:00+00:00,113.93,115.22,113.2,114.31,302.107,2.0
SOLUSDT,2026-09-23 17:00:00+00:00,114.42,114.74,113.65,114.56,229.267,2.0
SOLUSDT,2026-09-23 18:00:00+00:00,114.22,114.53,114.02,114.28,110.931,2.0
SOLUSDT,2026-09-23 19:00:00+00:00,114.35,114.88,114.09,114.49,151.257,2.0
SOLUSDT,2026-09-23 20:00:00+00:00,114.63,114.63,114.06,114.13,21.939,2.0
SOLUSDT,2026-09-23 21:00:00+00:00,114.03,114.72,113.96,114.72,254.121,2.0
SOLUSDT,2026-09-23 22:00:00+00:00,114.72,115.59,114.71,115.16,533.704,2.0
SOLUSDT,2026-09-23 23:00:00+00:00,115.1,115.21,114.78,114.98,219.976,2.0
SOLUSDT,2026-09-24 00:00:00+00:00,115.02,115.63,114.93,115.22,510.613,2.0
SOLUSDT,2026-09-24 01:00:00+00:00,115.26,115.51,114.65,114.74,256.556,2.0
SOLUSDT,2026-09-24 02:00:00+00:00,114.67,115.45,114.15,115.3,247.775,2.0
SOLUSDT,2026-09-24 03:00:00+00:00,115.33,115.69,114.63,114.65,253.852,2.0
SOLUSDT,2026-09-24 04:00:00+00:00,114.51,115.44,114.43,115.44,137.292,2.0
SOLUSDT,2026-09-24 05:00:00+00:00,115.44,116.04,114.93,114.93,199.048,2.0
SOLUSDT,2026-09-24 06:00:00+00:00,114.9,115.16,114.77,114.77,20.847,2.0
SOLUSDT,2026-09-24 07:00:00+00:00,114.81,115.64,114.59,115.64,94.886,2.0
SOLUSDT,2026-09-24 08:00:00+00:00,115.55,115.55,113.41,114.13,520.748,2.0
SOLUSDT,2026-09-24 09:00:00+00:00,114.16,114.25,112.61,113.13,251.331,2.0
SOLUSDT,2026-09-24 10:00:00+00:00,113.1,113.41,112.76,113.41,480.667,2.0
SOLUSDT,2026-09-24 11:00:00+00:00,113.37,113.53,113.1,113.36,582.025,2.0
SOLUSDT,2026-09-24 12:00:00+00:00,113.31,113.92,113.17,113.92,284.525,2.0
SOLUSDT,2026-09-24 13:00:00+00:00,113.83,115.37,113.83,115.02,253.583,2.0
SOLUSDT,2026-09-24 14:00:00+00:00,114.92,116.39,114.14,114.51,510.884,2.0
SOLUSDT,2026-09-24 15:00:00+00:00,114.52,116.57,114.41,116.34,232.444,2.0
SOLUSDT,2026-09-24 16:00:00+00:00,116.3,117.74,115.98,117.1,733.095,2.0
SOLUSDT,2026-09-24 17:00:00+00:00,117.03,117.26,116.52,116.78,311.922,2.0
SOLUSDT,2026-09-24 18:00:00+00:00,116.73,117.55,116.31,117.4,365.888,2.0
SOLUSDT,2026-09-24 19:00:00+00:00,117.38,117.65,117.13,117.23,401.653,2.0
SOLUSDT,2026-09-24 20:00:00+00:00,117.22,117.42,116.74,116.81,151.507,2.0
SOLUSDT,2026-09-24 21:00:00+00:00,116.83,117.22,116.64,116.88,172.738,2.0
SOLUSDT,2026-09-24 22:00:00+00:00,116.86,116.95,116.19,116.64,261.877,2.0
SOLUSDT,2026-09-24 23:00:00+00:00,116.59,117.2,116.59,117.06,307.147,2.0
SOLUSDT,2026-09-25 00:00:00+00:00,117.06,117.64,117.06,117.45,240.175,2.0
SOLUSDT,2026-09-25 01:00:00+00:00,117.55,117.87,117.16,117.39,271.012,2.0
SOLUSDT,2026-09-25 02:00:00+00:00,117.5,118.36,116.84,116.91,274.532,2.0
SOLUSDT,2026-09-25 03:00:00+00:00,116.87,117.26,116.58,116.87,203.903,2.0
SOLUSDT,2026-09-25 04:00:00+00:00,116.8,117.27,116.29,116.45,271.072,2.0
SOLUSDT,2026-09-25 05:00:00+00:00,116.42,116.6,116.19,116.58,190.47,2.0
SOLUSDT,2026-09-25 06:00:00+00:00,116.39,116.61,116.17,116.26,97.602,2.0
SOLUSDT,2026-09-25 07:00:00+00:00,116.25,116.53,115.9,116.31,20.245,2.0
SOLUSDT,2026-09-25 08:00:00+00:00,116.45,117.5,116.38,117.31,115.932,2.0
SOLUSDT,2026-09-25 09:00:00+00:00,117.41,118.83,117.41,118.34,508.377,2.0
SOLUSDT,2026-09-25 10:00:00+00:00,118.35,119.5,117.97,119.17,443.974,2.0
SOLUSDT,2026-09-25 11:00:00+00:00,119.17,122.17,119.17,120.82,1551.52,2.0
SOLUSDT,2026-09-25 12:00:00+00:00,120.86,121.15,118.71,120.84,644.375,2.0
SOLUSDT,2026-09-25 13:00:00+00:00,120.74,121.04,118.58,119.61,452.895,2.0
SOLUSDT,2026-09-25 14:00:00+00:00,119.56,120.47,118.35,120.41,606.593,2.0
SOLUSDT,2026-09-25 15:00:00+00:00,120.39,121.44,119.16,120.05,1270.248,2.0
SOLUSDT,2026-09-25 16:00:00+00:00,120.09,121.85,120.09,120.88,703.095,2.0
SOLUSDT,2026-09-25 17:00:00+00:00,120.93,121.57,120.29,120.99,674.171,2.0
SOLUSDT,2026-09-25 18:00:00+00:00,121.14,122.78,120.99,121.91,804.703,2.0
SOLUSDT,2026-09-25 19:00:00+00:00,121.96,122.13,121.53,122.03,355.298,2.0
SOLUSDT,2026-09-25 20:00:00+00:00,121.99,122.91,121.55,121.63,1231.85,2.0
SOLUSDT,2026-09-25 21:00:00+00:00,121.7,121.75,120.89,121.01,430.502,2.0
SOLUSDT,2026-09-25 22:00:00+00:00,120.97,122.45,120.93,122.35,421.521,2.0
SOLUSDT,2026-09-25 23:00:00+00:00,122.35,122.4,121.99,122.11,96.972,2.0
SOLUSDT,2026-09-26 00:00:00+00:00,122.18,122.37,121.23,121.52,335.938,2.0
SOLUSDT,2026-09-26 01:00:00+00:00,121.53,122.31,121.53,121.98,279.598,2.0
SOLUSDT,2026-09-26 02:00:00+00:00,121.95,122.25,121.61,121.68,276.645,2.0
SOLUSDT,2026-09-26 03:00:00+00:00,121.61,121.61,120.56,120.64,263.672,2.0
SOLUSDT,2026-09-26 04:00:00+00:00,120.81,120.91,120.28,120.66,64.608,2.0
SOLUSDT,2026-09-26 05:00:00+00:00,120.68,120.72,120.32,120.49,226.263,2.0
SOLUSDT,2026-09-26 06:00:00+00:00,120.51,120.53,120.2,120.22,188.936,2.0
SOLUSDT,2026-09-26 07:00:00+00:00,120.23,120.73,120.17,120.73,131.678,2.0
SOLUSDT,2026-09-26 08:00:00+00:00,120.79,121.14,120.34,120.85,166.25,2.0
SOLUSDT,2026-09-26 09:00:00+00:00,120.71,120.71,119.86,119.97,209.929,2.0
SOLUSDT,2026-09-26 10:00:00+00:00,120.02,120.65,120.02,120.62,47.722,2.0
SOLUSDT,2026-09-26 11:00:00+00:00,120.59,121.42,120.29,121.35,261.256,2.0
SOLUSDT,2026-09-26 12:00:00+00:00,121.22,121.57,120.99,121.06,152.642,2.0
SOLUSDT,2026-09-26 13:00:00+00:00,121.22,121.29,120.26,120.8,291.396,2.0
SOLUSDT,2026-09-26 14:00:00+00:00,120.76,121.12,120.64,120.93,223.098,2.0
SOLUSDT,2026-09-26 15:00:00+00:00,120.89,122.07,120.89,121.91,329.583,2.0
SOLUSDT,2026-09-26 16:00:00+00:00,121.89,121.89,121.47,121.58,44.318,2.0
SOLUSDT,2026-09-26 17:00:00+00:00,121.4,121.5,121.04,121.49,504.698,2.0
SOLUSDT,2026-09-26 18:00:00+00:00,121.49,121.64,120.9,121.07,544.304,2.0
SOLUSDT,2026-09-26 19:00:00+00:00,121.2,121.31,120.93,121.12,35.911,2.0
SOLUSDT,2026-09-26 20:00:00+00:00,121.15,121.46,120.13,120.35,255.07,2.0
SOLUSDT,2026-09-26 21:00:00+00:00,120.35,121.64,120.35,121.31,154.955,2.0
SOLUSDT,2026-09-26 22:00:00+00:00,121.5,121.83,121.13,121.15,73.585,2.0
SOLUSDT,2026-09-26 23:00:00+00:00,121.28,121.8,121.25,121.36,298.881,2.0
SOLUSDT,2026-09-27 00:00:00+00:00,121.42,121.42,120.82,120.85,159.73,2.0
SOLUSDT,2026-09-27 01:00:00+00:00,120.87,121.51,120.72,121.4,358.945,2.0
SOLUSDT,2026-09-27 02:00:00+00:00,121.44,121.66,121.11,121.11,163.403,2.0
SOLUSDT,2026-09-27 03:00:00+00:00,121.2,121.34,120.61,120.74,163.83,2.0
SOLUSDT,2026-09-27 04:00:00+00:00,120.6,120.85,120.18,120.19,210.009,2.0
SOLUSDT,2026-09-27 05:00:00+00:00,120.29,121.47,120.29,121.28,221.266,2.0
SOLUSDT,2026-09-27 06:00:00+00:00,121.2,121.55,121.2,121.33,151.86,2.0
SOLUSDT,2026-09-27 07:00:00+00:00,121.44,124.36,121.38,123.97,1269.047,2.0
SOLUSDT,2026-09-27 08:00:00+00:00,124.12,124.94,124.0,124.14,642.824,2.0
SOLUSDT,2026-09-27 09:00:00+00:00,124.09,124.49,123.44,124.39,338.39,2.0
SOLUSDT,2026-09-27 10:00:00+00:00,124.41,124.75,123.95,124.01,280.257,2.0
SOLUSDT,2026-09-27 11:00:00+00:00,124.03,124.22,123.71,123.94,184.796,2.0
SOLUSDT,2026-09-27 12:00:00+00:00,123.99,124.42,123.42,123.42,167.191,2.0
SOLUSDT,2026-09-27 13:00:00+00:00,123.32,123.64,122.38,123.07,569.642,2.0
SOLUSDT,2026-09-27 14:00:00+00:00,123.1,123.18,121.47,121.73,298.674,2.0
SOLUSDT,2026-09-27 15:00:00+00:00,121.7,121.86,121.35,121.72,287.979,2.0
SOLUSDT,2026-09-27 16:00:00+00:00,121.84,122.31,121.75,121.83,160.375,2.0
SOLUSDT,2026-09-27 17:00:00+00:00,121.83,122.15,121.78,122.1,91.516,2.0
SOLUSDT,2026-09-27 18:00:00+00:00,122.05,123.28,121.93,123.26,118.013,2.0
SOLUSDT,2026-09-27 19:00:00+00:00,123.31,123.43,122.94,123.14,371.479,2.0
SOLUSDT,2026-09-27 20:00:00+00:00,123.09,123.41,122.59,122.65,304.74,2.0
SOLUSDT,2026-09-27 21:00:00+00:00,122.75,123.3,122.3,122.85,185.139,2.0
SOLUSDT,2026-09-27 22:00:00+00:00,122.87,122.89,121.02,121.39,573.605,2.0
SOLUSDT,2026-09-27 23:00:00+00:00,121.37,122.19,121.37,121.98,966.574,2.0
SOLUSDT,2026-09-28 00:00:00+00:00,121.96,122.89,121.5,121.69,855.268,2.0
SOLUSDT,2026-09-28 01:00:00+00:00,121.69,122.22,120.37,120.71,963.754,2.0
SOLUSDT,2026-09-28 02:00:00+00:00,120.56,121.35,119.93,119.98,363.577,2.0
SOLUSDT,2026-09-28 03:00:00+00:00,120.09,120.39,119.51,119.9,296.757,2.0
SOLUSDT,2026-09-28 04:00:00+00:00,119.75,120.13,119.23,120.1,125.962,2.0
SOLUSDT,2026-09-28 05:00:00+00:00,120.06,120.16,118.2,119.06,468.364,2.0
SOLUSDT,2026-09-28 06:00:00+00:00,119.08,119.44,118.22,118.79,207.774,2.0
SOLUSDT,2026-09-28 07:00:00+00:00,118.8,119.1,117.96,118.07,227.319,2.0
SOLUSDT,2026-09-28 08:00:00+00:00,118.22,118.56,118.11,118.39,20.016,2.0
SOLUSDT,2026-09-28 09:00:00+00:00,118.38,118.66,117.63,117.63,359.75,2.0
SOLUSDT,2026-09-28 10:00:00+00:00,117.97,118.73,117.92,118.63,143.863,2.0
SOLUSDT,2026-09-28 11:00:00+00:00,118.61,118.83,118.47,118.71,244.895,2.0
SOLUSDT,2026-09-28 12:00:00+00:00,118.69,120.15,118.56,120.01,524.063,2.0
SOLUSDT,2026-09-28 13:00:00+00:00,119.99,120.35,119.44,119.83,358.502,2.0
SOLUSDT,2026-09-28 14:00:00+00:00,119.67,119.72,117.39,117.99,425.77,2.0
SOLUSDT,2026-09-28 15:00:00+00:00,118.06,118.76,117.64,118.76,263.623,2.0
SOLUSDT,2026-09-28 16:00:00+00:00,118.68,120.35,118.53,119.32,240.434,2.0
SOLUSDT,2026-09-28 17:00:00+00:00,118.94,120.67,118.64,119.65,325.491,2.0
SOLUSDT,2026-09-28 18:00:00+00:00,119.61,120.03,119.47,120.0,407.532,2.0
SOLUSDT,2026-09-28 19:00:00+00:00,119.97,119.97,118.09,118.41,139.369,2.0
SOLUSDT,2026-09-28 20:00:00+00:00,118.41,119.05,118.17,118.83,156.411,2.0
SOLUSDT,2026-09-28 21:00:00+00:00,119.05,119.12,117.75,117.83,201.58,2.0
SOLUSDT,2026-09-28 22:00:00+00:00,117.68,118.59,117.33,118.59,205.569,2.0
SOLUSDT,2026-09-28 23:00:00+00:00,118.68,118.97,118.57,118.91,105.396,2.0
SOLUSDT,2026-09-29 00:00:00+00:00,118.78,119.12,118.08,118.08,419.949,2.0
SOLUSDT,2026-09-29 01:00:00+00:00,118.18,118.38,116.38,117.1,299.562,2.0
SOLUSDT,2026-09-29 02:00:00+00:00,117.17,117.3,116.45,116.95,238.792,2.0
SOLUSDT,2026-09-29 03:00:00+00:00,116.95,118.0,116.95,117.83,139.373,2.0
SOLUSDT,2026-09-29 04:00:00+00:00,117.85,118.05,117.35,117.61,167.602,2.0
SOLUSDT,2026-09-29 05:00:00+00:00,117.83,118.25,117.17,118.25,275.841,2.0
SOLUSDT,2026-09-29 06:00:00+00:00,118.25,119.27,118.25,119.27,323.559,2.0
SOLUSDT,2026-09-29 07:00:00+00:00,119.2,119.83,119.12,119.59,230.653,2.0
SOLUSDT,2026-09-29 08:00:00+00:00,119.6,119.95,118.98,119.16,294.912,2.0
SOLUSDT,2026-09-29 09:00:00+00:00,119.07,120.09,118.95,120.05,232.68,2.0
SOLUSDT,2026-09-29 10:00:00+00:00,119.92,119.93,119.22,119.48,221.768,2.0
SOLUSDT,2026-09-29 11:00:00+00:00,119.51,120.36,119.27,120.18,260.73,2.0
SOLUSDT,2026-09-29 12:00:00+00:00,120.23,121.01,120.05,120.88,642.221,2.0
SOLUSDT,2026-09-29 13:00:00+00:00,120.85,121.61,120.72,121.03,1040.624,2.0
SOLUSDT,2026-09-29 14:00:00+00:00,121.07,121.26,120.22,120.25,677.519,2.0
SOLUSDT,2026-09-29 15:00:00+00:00,120.22,120.22,118.0,118.17,807.403,2.0
SOLUSDT,2026-09-29 16:00:00+00:00,118.28,118.7,117.58,117.99,453.153,2.0
SOLUSDT,2026-09-29 17:00:00+00:00,118.23,118.33,117.39,117.71,165.813,2.0
SOLUSDT,2026-09-29 18:00:00+00:00,117.72,119.24,117.72,119.16,244.087,2.0
SOLUSDT,2026-09-29 19:00:00+00:00,119.19,119.52,118.61,118.75,206.934,2.0
SOLUSDT,2026-09-29 20:00:00+00:00,118.99,119.26,118.77,119.08,144.856,2.0
SOLUSDT,2026-09-29 21:00:00+00:00,119.08,119.16,118.57,118.85,105.64,2.0
SOLUSDT,2026-09-29 22:00:00+00:00,119.05,119.51,118.98,119.11,230.094,2.0
SOLUSDT,2026-09-29 23:00:00+00:00,119.21,119.64,118.98,119.11,233.77,2.0
SOLUSDT,2026-09-30 00:00:00+00:00,119.2,119.27,118.59,118.94,70.741,2.0
SOLUSDT,2026-09-30 01:00:00+00:00,118.91,119.61,118.83,119.51,265.172,2.0
SOLUSDT,2026-09-30 02:00:00+00:00,119.47,120.0,119.24,119.71,294.872,2.0
SOLUSDT,2026-09-30 03:00:00+00:00,119.79,119.89,118.95,119.14,238.987,2.0
SOLUSDT,2026-09-30 04:00:00+00:00,119.39,119.68,118.83,118.83,501.954,2.0
SOLUSDT,2026-09-30 05:00:00+00:00,119.16,119.55,118.51,119.09,299.926,2.0
SOLUSDT,2026-09-30 06:00:00+00:00,119.02,119.22,118.11,118.22,194.157,2.0
SOLUSDT,2026-09-30 07:00:00+00:00,118.08,118.93,117.95,118.48,283.557,2.0
SOLUSDT,2026-09-30 08:00:00+00:00,118.39,118.39,117.86,118.2,387.95,2.0
SOLUSDT,2026-09-30 09:00:00+00:00,118.43,119.76,118.43,119.4,270.545,2.0
SOLUSDT,2026-09-30 10:00:00+00:00,119.43,119.89,119.29,119.89,531.924,2.0
SOLUSDT,2026-09-30 11:00:00+00:00,119.82,119.84,119.23,119.45,270.742,2.0
SOLUSDT,2026-09-30 12:00:00+00:00,119.58,122.5,119.44,121.97,1258.609,2.0
SOLUSDT,2026-09-30 13:00:00+00:00,122.02,122.79,119.9,120.88,1013.615,2.0
SOLUSDT,2026-09-30 14:00:00+00:00,121.04,121.21,118.5,118.94,959.444,2.0
SOLUSDT,2026-09-30 15:00:00+00:00,119.04,119.53,118.06,119.31,280.371,2.0
SOLUSDT,2026-09-30 16:00:00+00:00,119.26,120.45,119.26,120.34,447.315,2.0
SOLUSDT,2026-09-30 17:00:00+00:00,120.33,120.57,118.91,119.09,213.312,2.0
SOLUSDT,2026-09-30 18:00:00+00:00,119.22,119.22,118.39,118.72,117.29,2.0
SOLUSDT,2026-09-30 19:00:00+00:00,118.69,118.75,117.11,117.21,837.16,2.0
SOLUSDT,2026-09-30 20:00:00+00:00,117.29,118.17,117.26,117.85,108.063,2.0
SOLUSDT,2026-09-30 21:00:00+00:00,118.05,118.25,117.82,118.03,93.653,2.0
SOLUSDT,2026-09-30 22:00:00+00:00,118.09,118.5,117.74,118.31,470.206,2.0
SOLUSDT,2026-09-30 23:00:00+00:00,118.15,118.51,118.09,118.11,200.14,2.0
SOLUSDT,2026-10-01 00:00:00+00:00,118.12,118.19,117.96,118.04,103.328,2.0
SOLUSDT,2026-10-01 01:00:00+00:00,118.08,118.45,118.0,118.15,146.31,2.0
SOLUSDT,2026-10-01 02:00:00+00:00,118.25,118.34,117.85,118.23,417.055,2.0
SOLUSDT,2026-10-01 03:00:00+00:00,118.22,118.66,117.99,118.64,490.095,2.0
SOLUSDT,2026-10-01 04:00:00+00:00,118.66,119.38,118.49,119.01,420.601,2.0
SOLUSDT,2026-10-01 05:00:00+00:00,119.08,119.55,119.04,119.42,310.26,2.0
SOLUSDT,2026-10-01 06:00:00+00:00,119.4,119.59,119.11,119.33,91.304,2.0
SOLUSDT,2026-10-01 07:00:00+00:00,119.16,119.33,117.36,117.5,285.916,2.0
SOLUSDT,2026-10-01 08:00:00+00:00,117.55,117.89,117.35,117.74,71.99,2.0
SOLUSDT,2026-10-01 09:00:00+00:00,117.97,118.03,117.77,117.77,39.873,2.0
SOLUSDT,2026-10-01 10:00:00+00:00,117.57,118.18,117.18,118.16,85.703,2.0
SOLUSDT,2026-10-01 11:00:00+00:00,117.97,118.09,117.69,118.04,203.895,2.0
SOLUSDT,2026-10-01 12:00:00+00:00,118.02,118.02,117.27,117.35,167.354,2.0
SOLUSDT,2026-10-01 13:00:00+00:00,117.34,118.07,116.8,117.82,614.378,2.0
SOLUSDT,2026-10-01 14:00:00+00:00,117.72,118.17,116.96,117.32,260.246,2.0
SOLUSDT,2026-10-01 15:00:00+00:00,117.47,117.89,116.86,117.43,211.761,2.0
SOLUSDT,2026-10-01 16:00:00+00:00,117.36,117.99,116.96,116.96,193.39,2.0
SOLUSDT,2026-10-01 17:00:00+00:00,117.21,119.12,117.19,118.3,527.876,2.0
SOLUSDT,2026-10-01 18:00:00+00:00,118.32,119.05,118.23,118.25,266.6,2.0
SOLUSDT,2026-10-01 19:00:00+00:00,118.39,118.64,117.6,118.26,354.312,2.0
SOLUSDT,2026-10-01 20:00:00+00:00,118.31,118.53,117.94,118.26,143.913,2.0
SOLUSDT,2026-10-01 21:00:00+00:00,118.13,118.17,117.46,117.67,192.602,2.0
SOLUSDT,2026-10-01 22:00:00+00:00,117.78,118.3,117.77,118.29,255.177,2.0
SOLUSDT,2026-10-01 23:00:00+00:00,118.32,118.46,118.17,118.42,135.394,2.0
SOLUSDT,2026-10-02 00:00:00+00:00,118.33,119.09,118.33,118.89,729.866,2.0
SOLUSDT,2026-10-02 01:00:00+00:00,118.83,119.74,118.45,119.52,306.075,2.0
SOLUSDT,2026-10-02 02:00:00+00:00,119.52,120.33,119.51,120.06,394.023,2.0
SOLUSDT,2026-10-02 03:00:00+00:00,120.07,121.24,120.0,121.24,430.932,2.0
SOLUSDT,2026-10-02 04:00:00+00:00,121.27,123.64,120.69,123.46,843.142,2.0
SOLUSDT,2026-10-02 05:00:00+00:00,123.5,123.68,121.87,121.92,309.233,2.0
SOLUSDT,2026-10-02 06:00:00+00:00,121.95,122.06,121.53,121.76,196.151,2.0
SOLUSDT,2026-10-02 07:00:00+00:00,121.77,121.85,121.08,121.8,108.261,2.0
SOLUSDT,2026-10-02 08:00:00+00:00,121.86,122.93,121.83,122.16,262.909,2.0
SOLUSDT,2026-10-02 09:00:00+00:00,122.01,122.13,121.72,121.85,131.42,2.0
SOLUSDT,2026-10-02 10:00:00+00:00,121.77,122.16,121.38,121.99,214.688,2.0
SOLUSDT,2026-10-02 11:00:00+00:00,122.02,122.41,121.99,121.99,202.346,2.0
SOLUSDT,2026-10-02 12:00:00+00:00,121.9,123.19,121.64,122.52,796.631,2.0
SOLUSDT,2026-10-02 13:00:00+00:00,122.43,123.33,121.9,122.15,544.069,2.0
SOLUSDT,2026-10-02 14:00:00+00:00,122.05,122.39,120.14,120.7,254.919,2.0
SOLUSDT,2026-10-02 15:00:00+00:00,120.7,120.74,119.74,119.93,522.286,2.0
SOLUSDT,2026-10-02 16:00:00+00:00,119.95,120.4,119.51,119.96,212.533,2.0
SOLUSDT,2026-10-02 17:00:00+00:00,119.99,120.18,119.28,119.72,357.541,2.0
SOLUSDT,2026-10-02 18:00:00+00:00,119.8,119.8,117.17,118.06,1132.997,2.0
SOLUSDT,2026-10-02 19:00:00+00:00,118.12,118.48,117.5,118.01,257.565,2.0
SOLUSDT,2026-10-02 20:00:00+00:00,118.03,118.25,117.74,117.84,279.439,2.0
SOLUSDT,2026-10-02 21:00:00+00:00,118.0,118.18,117.76,118.18,45.577,2.0
SOLUSDT,2026-10-02 22:00:00+00:00,118.25,118.57,118.06,118.54,197.74,2.0
SOLUSDT,2026-10-02 23:00:00+00:00,118.5,118.74,118.39,118.59,188.339,2.0
SOLUSDT,2026-10-03 00:00:00+00:00,118.65,119.2,118.55,118.98,105.364,2.0
SOLUSDT,2026-10-03 01:00:00+00:00,118.87,119.71,118.87,119.13,156.127,2.0
SOLUSDT,2026-10-03 02:00:00+00:00,119.17,119.25,118.98,118.98,69.238,2.0
SOLUSDT,2026-10-03 03:00:00+00:00,118.9,119.38,118.9,119.36,99.575,2.0
SOLUSDT,2026-10-03 04:00:00+00:00,119.4,119.53,118.97,119.16,187.005,2.0
SOLUSDT,2026-10-03 05:00:00+00:00,119.15,119.66,119.1,119.65,120.93,2.0
SOLUSDT,2026-10-03 06:00:00+00:00,119.69,119.8,119.49,119.57,143.973,2.0
SOLUSDT,2026-10-03 07:00:00+00:00,119.4,119.4,119.2,119.33,14.648,2.0
SOLUSDT,2026-10-03 08:00:00+00:00,119.3,119.42,119.18,119.26,67.624,2.0
SOLUSDT,2026-10-03 09:00:00+00:00,119.45,119.45,119.3,119.3,59.479,2.0
SOLUSDT,2026-10-03 10:00:00+00:00,119.38,119.54,119.38,119.54,34.774,2.0
SOLUSDT,2026-10-03 11:00:00+00:00,119.41,119.43,119.29,119.36,28.532,2.0
SOLUSDT,2026-10-03 12:00:00+00:00,119.33,119.71,119.32,119.51,139.472,2.0
SOLUSDT,2026-10-03 13:00:00+00:00,119.6,119.62,119.41,119.41,95.958,2.0
SOLUSDT,2026-10-03 14:00:00+00:00,119.39,119.83,119.28,119.82,179.421,2.0
SOLUSDT,2026-10-03 15:00:00+00:00,119.74,119.78,119.53,119.78,113.114,2.0
SOLUSDT,2026-10-03 16:00:00+00:00,119.73,119.83,119.54,119.69,349.869,2.0
SOLUSDT,2026-10-03 17:00:00+00:00,119.73,120.05,119.72,119.96,400.679,2.0
SOLUSDT,2026-10-03 18:00:00+00:00,119.93,120.01,119.78,119.85,107.981,2.0
SOLUSDT,2026-10-03 19:00:00+00:00,119.74,119.95,119.68,119.8,213.298,2.0
SOLUSDT,2026-10-03 20:00:00+00:00,119.92,120.04,119.78,119.8,200.447,2.0
SOLUSDT,2026-10-03 21:00:00+00:00,119.89,119.89,119.57,119.64,70.162,2.0
SOLUSDT,2026-10-03 22:00:00+00:00,119.66,119.92,119.53,119.75,118.78,2.0
SOLUSDT,2026-10-03 23:00:00+00:00,119.65,119.79,119.61,119.72,30.396,2.0
SOLUSDT,2026-10-04 00:00:00+00:00,119.61,120.21,119.61,120.19,515.335,2.0
SOLUSDT,2026-10-04 01:00:00+00:00,120.22,120.35,119.99,120.13,153.551,2.0
SOLUSDT,2026-10-04 02:00:00+00:00,120.16,120.37,120.03,120.37,269.434,2.0
SOLUSDT,2026-10-04 03:00:00+00:00,120.39,121.21,120.2,120.83,322.085,2.0
SOLUSDT,2026-10-04 04:00:00+00:00,120.72,120.83,120.55,120.66,192.648,2.0
SOLUSDT,2026-10-04 05:00:00+00:00,120.63,121.01,120.63,121.0,200.858,2.0
SOLUSDT,2026-10-04 06:00:00+00:00,120.83,121.09,120.71,120.99,256.965,2.0
SOLUSDT,2026-10-04 07:00:00+00:00,121.1,121.3,120.99,121.07,229.051,2.0
SOLUSDT,2026-10-04 08:00:00+00:00,121.13,121.22,120.89,120.89,145.269,2.0
SOLUSDT,2026-10-04 09:00:00+00:00,121.0,121.5,120.86,121.31,291.07,2.0
SOLUSDT,2026-10-04 10:00:00+00:00,121.37,121.56,121.27,121.31,80.962,2.0
SOLUSDT,2026-10-04 11:00:00+00:00,121.28,121.51,121.2,121.37,82.698,2.0
SOLUSDT,2026-10-04 12:00:00+00:00,121.22,121.74,121.18,121.34,324.187,2.0
SOLUSDT,2026-10-04 13:00:00+00:00,121.4,121.96,121.4,121.72,293.806,2.0
SOLUSDT,2026-10-04 14:00:00+00:00,121.73,121.87,121.23,121.87,540.548,2.0
SOLUSDT,2026-10-04 15:00:00+00:00,121.87,122.04,121.55,121.55,241.063,2.0
SOLUSDT,2026-10-04 16:00:00+00:00,121.62,121.87,121.42,121.83,149.232,2.0
SOLUSDT,2026-10-04 17:00:00+00:00,121.66,121.77,121.45,121.45,193.206,2.0
SOLUSDT,2026-10-04 18:00:00+00:00,121.41,121.58,121.26,121.49,76.419,2.0
SOLUSDT,2026-10-04 19:00:00+00:00,121.46,121.7,121.08,121.12,227.507,2.0
SOLUSDT,2026-10-04 20:00:00+00:00,121.07,121.38,120.67,121.38,356.085,2.0
SOLUSDT,2026-10-04 21:00:00+00:00,121.22,121.52,121.1,121.12,236.616,2.0
SOLUSDT,2026-10-04 22:00:00+00:00,121.35,122.26,121.35,121.71,968.471,2.0
SOLUSDT,2026-10-04 23:00:00+00:00,121.66,122.06,121.47,121.53,121.997,2.0
SOLUSDT,2026-10-05 00:00:00+00:00,121.56,121.56,120.82,121.3,227.456,2.0
SOLUSDT,2026-10-05 01:00:00+00:00,121.14,121.55,121.05,121.17,99.037,2.0
SOLUSDT,2026-10-05 02:00:00+00:00,121.14,121.6,121.14,121.27,241.318,2.0
SOLUSDT,2026-10-05 03:00:00+00:00,121.14,121.19,120.37,120.37,532.97,2.0
SOLUSDT,2026-10-05 04:00:00+00:00,120.42,120.77,120.06,120.54,430.192,2.0
SOLUSDT,2026-10-05 05:00:00+00:00,120.5,120.57,120.06,120.46,37.36,2.0
SOLUSDT,2026-10-05 06:00:00+00:00,120.47,121.8,120.47,121.65,611.898,2.0
SOLUSDT,2026-10-05 07:00:00+00:00,121.58,121.83,121.47,121.68,269.363,2.0
SOLUSDT,2026-10-05 08:00:00+00:00,121.67,122.02,120.96,121.03,144.394,2.0
SOLUSDT,2026-10-05 09:00:00+00:00,120.96,120.96,120.59,120.75,32.778,2.0
SOLUSDT,2026-10-05 10:00:00+00:00,120.57,120.86,120.51,120.59,50.097,2.0
SOLUSDT,2026-10-05 11:00:00+00:00,120.63,120.96,120.5,120.89,104.372,2.0
SOLUSDT,2026-10-05 12:00:00+00:00,120.68,120.68,120.41,120.41,14.709,2.0
SOLUSDT,2026-10-05 13:00:00+00:00,120.72,120.95,120.34,120.84,151.26,2.0
SOLUSDT,2026-10-05 14:00:00+00:00,120.76,121.22,119.28,119.52,610.566,2.0
SOLUSDT,2026-10-05 15:00:00+00:00,119.55,119.72,119.27,119.34,96.037,2.0
SOLUSDT,2026-10-05 16:00:00+00:00,119.35,119.65,118.97,119.64,551.724,2.0
SOLUSDT,2026-10-05 17:00:00+00:00,119.63,120.05,119.43,120.02,219.15,2.0
SOLUSDT,2026-10-05 18:00:00+00:00,120.13,120.2,119.97,120.08,333.075,2.0
SOLUSDT,2026-10-05 19:00:00+00:00,120.14,120.34,120.0,120.21,175.08,2.0
SOLUSDT,2026-10-05 20:00:00+00:00,120.27,120.65,120.2,120.65,270.995,2.0
SOLUSDT,2026-10-05 21:00:00+00:00,120.64,120.8,120.61,120.8,180.466,2.0
SOLUSDT,2026-10-05 22:00:00+00:00,120.85,121.56,120.85,121.06,578.747,2.0
SOLUSDT,2026-10-05 23:00:00+00:00,121.04,121.22,120.56,120.78,166.862,2.0
SOLUSDT,2026-10-06 00:00:00+00:00,120.78,121.06,120.78,120.97,74.223,2.0
SOLUSDT,2026-10-06 01:00:00+00:00,121.08,121.27,120.5,120.63,249.729,2.0
SOLUSDT,2026-10-06 02:00:00+00:00,120.51,120.79,120.18,120.18,110.055,2.0
SOLUSDT,2026-10-06 03:00:00+00:00,120.25,120.31,119.7,120.06,1914.925,2.0
SOLUSDT,2026-10-06 04:00:00+00:00,120.06,120.4,120.06,120.3,221.893,2.0
SOLUSDT,2026-10-06 05:00:00+00:00,120.05,120.33,119.79,119.83,18.217,2.0
SOLUSDT,2026-10-06 06:00:00+00:00,119.71,119.75,119.23,119.75,42.481,2.0
SOLUSDT,2026-10-06 07:00:00+00:00,119.82,120.27,119.74,120.24,131.054,2.0
SOLUSDT,2026-10-06 08:00:00+00:00,120.24,120.76,120.24,120.6,157.462,2.0
SOLUSDT,2026-10-06 09:00:00+00:00,120.56,120.67,118.93,119.61,443.013,2.0
SOLUSDT,2026-10-06 10:00:00+00:00,119.52,120.54,119.52,120.22,215.113,2.0
SOLUSDT,2026-10-06 11:00:00+00:00,120.28,120.42,119.97,120.39,134.12,2.0
SOLUSDT,2026-10-06 12:00:00+00:00,120.31,120.59,120.2,120.42,85.988,2.0
SOLUSDT,2026-10-06 13:00:00+00:00,120.36,121.11,120.19,120.83,401.546,2.0
SOLUSDT,2026-10-06 14:00:00+00:00,121.08,121.73,120.65,121.73,470.048,2.0
SOLUSDT,2026-10-06 15:00:00+00:00,121.77,122.0,120.56,120.56,517.444,2.0
SOLUSDT,2026-10-06 16:00:00+00:00,120.57,121.16,120.32,120.48,205.195,2.0
SOLUSDT,2026-10-06 17:00:00+00:00,120.33,120.81,120.25,120.79,351.058,2.0
SOLUSDT,2026-10-06 18:00:00+00:00,120.85,121.27,120.69,120.92,510.729,2.0
SOLUSDT,2026-10-06 19:00:00+00:00,120.85,120.85,120.36,120.49,77.218,2.0
